Date,Series,Value
2021-11-17,Al Jazeera,0.2732
2021-11-18,Al Jazeera,0.5096
2021-11-19,Al Jazeera,0.1958
2021-11-20,Al Jazeera,0
2021-11-21,Al Jazeera,0
2021-11-22,Al Jazeera,0.3893
2021-11-23,Al Jazeera,0.1754
2021-11-24,Al Jazeera,0.0587
2021-11-25,Al Jazeera,0.0983
2021-11-26,Al Jazeera,0.6651
2021-11-27,Al Jazeera,1.655
2021-11-28,Al Jazeera,2.0151
2021-11-29,Al Jazeera,2.1094
2021-11-30,Al Jazeera,3.7975
2021-12-01,Al Jazeera,3.6374
2021-12-02,Al Jazeera,4.0987
2021-12-03,Al Jazeera,2.9092
2021-12-04,Al Jazeera,3.695
2021-12-05,Al Jazeera,3.4984
2021-12-06,Al Jazeera,1.1026
2021-12-07,Al Jazeera,5.509
2021-12-08,Al Jazeera,5.7754
2021-12-09,Al Jazeera,5.7715
2021-12-10,Al Jazeera,2.337
2021-12-11,Al Jazeera,1.5662
2021-12-12,Al Jazeera,3.0156
2021-12-13,Al Jazeera,1.3401
2021-12-14,Al Jazeera,1.2353
2021-12-15,Al Jazeera,2.1843
2021-12-16,Al Jazeera,1.5588
2021-12-17,Al Jazeera,0.6713
2021-12-18,Al Jazeera,0.7228
2021-12-19,Al Jazeera,0.0196
2021-12-20,Al Jazeera,0.0195
2021-12-21,Al Jazeera,0.059
2021-12-22,Al Jazeera,0.7511
2021-12-23,Al Jazeera,2.8689
2021-12-24,Al Jazeera,0.5456
2021-12-25,Al Jazeera,0.2931
2021-12-26,Al Jazeera,0
2021-12-27,Al Jazeera,0
2021-12-28,Al Jazeera,0.236
2021-12-29,Al Jazeera,0.1385
2021-12-30,Al Jazeera,1.6604
2021-12-31,Al Jazeera,2.9248
2022-01-01,Al Jazeera,0.4167
2022-01-02,Al Jazeera,1.3641
2022-01-03,Al Jazeera,1.7959
2022-01-04,Al Jazeera,0
2022-01-05,Al Jazeera,0.6037
2022-01-06,Al Jazeera,0.7461
2022-01-07,Al Jazeera,0.7592
2022-01-08,Al Jazeera,0.1839
2022-01-09,Al Jazeera,0.7056
2022-01-10,Al Jazeera,5
2022-01-11,Al Jazeera,3.1336
2022-01-12,Al Jazeera,3.7234
2022-01-13,Al Jazeera,2.1731
2022-01-14,Al Jazeera,4.5631
2022-01-15,Al Jazeera,4.9103
2022-01-16,Al Jazeera,1.4852
2022-01-17,Al Jazeera,2.9435
2022-01-18,Al Jazeera,3.3875
2022-01-19,Al Jazeera,7.5014
2022-01-20,Al Jazeera,7.7009
2022-01-21,Al Jazeera,8.0642
2022-01-22,Al Jazeera,5.8243
2022-01-23,Al Jazeera,6.9562
2022-01-24,Al Jazeera,5.6115
2022-01-25,Al Jazeera,4.7405
2022-01-26,Al Jazeera,6.752
2022-01-27,Al Jazeera,7.2741
2022-01-28,Al Jazeera,8.1113
2022-01-29,Al Jazeera,6.2959
2022-01-30,Al Jazeera,3.6543
2022-01-31,Al Jazeera,8.1301
2022-02-01,Al Jazeera,8.0247
2022-02-02,Al Jazeera,6.1903
2022-02-03,Al Jazeera,4.6004
2022-02-04,Al Jazeera,4.5065
2022-02-05,Al Jazeera,2.1249
2022-02-06,Al Jazeera,7.811
2022-02-07,Al Jazeera,8.8836
2022-02-08,Al Jazeera,7.0137
2022-02-09,Al Jazeera,4.895
2022-02-10,Al Jazeera,6.2218
2022-02-11,Al Jazeera,9.1763
2022-02-12,Al Jazeera,7.9228
2022-02-13,Al Jazeera,8.6393
2022-02-14,Al Jazeera,11.7532
2022-02-15,Al Jazeera,10.4615
2022-02-16,Al Jazeera,9.1648
2022-02-17,Al Jazeera,10.8183
2022-02-18,Al Jazeera,10.8979
2022-02-19,Al Jazeera,12.1074
2022-02-20,Al Jazeera,9.329
2022-02-21,Al Jazeera,14.1711
2022-02-22,Al Jazeera,18.5172
2022-02-23,Al Jazeera,17.0736
2022-02-24,Al Jazeera,24.2066
2022-02-25,Al Jazeera,24.4188
2022-02-26,Al Jazeera,21.646
2022-02-27,Al Jazeera,19.9395
2022-02-28,Al Jazeera,22.4519
2022-03-01,Al Jazeera,21.8189
2022-03-02,Al Jazeera,19.2624
2022-03-03,Al Jazeera,16.4711
2022-03-04,Al Jazeera,19.832
2022-03-05,Al Jazeera,18.5839
2022-03-06,Al Jazeera,18.0671
2022-03-07,Al Jazeera,18.2744
2022-03-08,Al Jazeera,15.975
2022-03-09,Al Jazeera,14.6758
2022-03-10,Al Jazeera,15.1356
2022-03-11,Al Jazeera,19.4619
2022-03-12,Al Jazeera,17.1045
2022-03-13,Al Jazeera,17.0603
2022-03-14,Al Jazeera,15.7044
2022-03-15,Al Jazeera,14.1016
2022-03-16,Al Jazeera,18.7221
2022-03-17,Al Jazeera,14.2307
2022-03-18,Al Jazeera,16.8706
2022-03-19,Al Jazeera,18.2427
2022-03-20,Al Jazeera,16.691
2022-03-21,Al Jazeera,12.6794
2022-03-22,Al Jazeera,11.234
2022-03-23,Al Jazeera,10.4353
2022-03-24,Al Jazeera,12.8345
2022-03-25,Al Jazeera,15.496
2022-03-26,Al Jazeera,15.2955
2022-03-27,Al Jazeera,12.3923
2022-03-28,Al Jazeera,12.6087
2022-03-29,Al Jazeera,12.6453
2022-03-30,Al Jazeera,12.383
2022-03-31,Al Jazeera,8.4608
2022-04-01,Al Jazeera,8.3202
2022-04-02,Al Jazeera,8.1871
2022-04-03,Al Jazeera,11.6564
2022-04-04,Al Jazeera,10.2741
2022-04-05,Al Jazeera,11.8818
2022-04-06,Al Jazeera,10.8152
2022-04-07,Al Jazeera,13.3144
2022-04-08,Al Jazeera,11.5319
2022-04-09,Al Jazeera,8.0197
2022-04-10,Al Jazeera,5.6437
2022-04-11,Al Jazeera,9.7594
2022-04-12,Al Jazeera,11.3111
2022-04-13,Al Jazeera,9.3079
2022-04-14,Al Jazeera,7.5809
2022-04-15,Al Jazeera,7.2865
2022-04-16,Al Jazeera,8.1388
2022-04-17,Al Jazeera,6.0336
2022-04-18,Al Jazeera,7.6633
2022-04-19,Al Jazeera,5.867
2022-04-20,Al Jazeera,9.3445
2022-04-21,Al Jazeera,9.1738
2022-04-22,Al Jazeera,8.1932
2022-04-23,Al Jazeera,8.7377
2022-04-24,Al Jazeera,8.8556
2022-04-25,Al Jazeera,8.209
2022-04-26,Al Jazeera,11.6182
2022-04-27,Al Jazeera,8.6774
2022-04-28,Al Jazeera,10.2321
2022-04-29,Al Jazeera,6.0051
2022-04-30,Al Jazeera,6.6017
2022-05-01,Al Jazeera,7.3466
2022-05-02,Al Jazeera,6.1532
2022-05-03,Al Jazeera,4.3705
2022-05-04,Al Jazeera,4.5625
2022-05-05,Al Jazeera,6.9246
2022-05-06,Al Jazeera,6.7275
2022-05-07,Al Jazeera,5.2486
2022-05-08,Al Jazeera,8.8662
2022-05-09,Al Jazeera,11.3645
2022-05-10,Al Jazeera,5.6299
2022-05-11,Al Jazeera,1.5423
2022-05-12,Al Jazeera,1.5965
2022-05-13,Al Jazeera,1.8402
2022-05-14,Al Jazeera,7.1146
2022-05-15,Al Jazeera,4.5165
2022-05-16,Al Jazeera,3.9521
2022-05-17,Al Jazeera,7.9848
2022-05-18,Al Jazeera,7.0074
2022-05-19,Al Jazeera,6.2836
2022-05-20,Al Jazeera,4.76
2022-05-21,Al Jazeera,4.9828
2022-05-22,Al Jazeera,4.6193
2022-05-23,Al Jazeera,6.7006
2022-05-24,Al Jazeera,11.5018
2022-05-25,Al Jazeera,6.1823
2022-05-26,Al Jazeera,2.1345
2022-05-27,Al Jazeera,2.651
2022-05-28,Al Jazeera,4.5301
2022-05-29,Al Jazeera,2.9597
2022-05-30,Al Jazeera,5.194
2022-05-31,Al Jazeera,6.5465
2022-06-01,Al Jazeera,9.9047
2022-06-02,Al Jazeera,5.4251
2022-06-03,Al Jazeera,5.5755
2022-06-04,Al Jazeera,5.3958
2022-06-05,Al Jazeera,6.3179
2022-06-06,Al Jazeera,3.8956
2022-06-07,Al Jazeera,4.0764
2022-06-08,Al Jazeera,5.8952
2022-06-09,Al Jazeera,2.6503
2022-06-10,Al Jazeera,2.9922
2022-06-11,Al Jazeera,3.9432
2022-06-12,Al Jazeera,4.3163
2022-06-13,Al Jazeera,2.2866
2022-06-14,Al Jazeera,2.7668
2022-06-15,Al Jazeera,3.5036
2022-06-16,Al Jazeera,5.9755
2022-06-17,Al Jazeera,7.4401
2022-06-18,Al Jazeera,3.959
2022-06-19,Al Jazeera,3.92
2022-06-20,Al Jazeera,4.1707
2022-06-21,Al Jazeera,3.535
2022-06-22,Al Jazeera,2.0862
2022-06-23,Al Jazeera,4.2905
2022-06-24,Al Jazeera,3.9656
2022-06-25,Al Jazeera,3.455
2022-06-26,Al Jazeera,6.1021
2022-06-27,Al Jazeera,5.9792
2022-06-28,Al Jazeera,6.6784
2022-06-29,Al Jazeera,4.8944
2022-06-30,Al Jazeera,6.2785
2022-07-01,Al Jazeera,3.3741
2022-07-02,Al Jazeera,4.7516
2022-07-03,Al Jazeera,3.2245
2022-07-04,Al Jazeera,3.8575
2022-07-05,Al Jazeera,4.0253
2022-07-06,Al Jazeera,5.4322
2022-07-07,Al Jazeera,4.8092
2022-07-08,Al Jazeera,2.6295
2022-07-09,Al Jazeera,2.0343
2022-07-10,Al Jazeera,2.253
2022-07-11,Al Jazeera,2.4516
2022-07-12,Al Jazeera,2.8076
2022-07-13,Al Jazeera,2.4158
2022-07-14,Al Jazeera,2.68
2022-07-15,Al Jazeera,2.8888
2022-07-16,Al Jazeera,2.1264
2022-07-17,Al Jazeera,2.9325
2022-07-18,Al Jazeera,3.2309
2022-07-19,Al Jazeera,3.6971
2022-07-20,Al Jazeera,2.2341
2022-07-21,Al Jazeera,3.6875
2022-07-22,Al Jazeera,4.3965
2022-07-23,Al Jazeera,4.353
2022-07-24,Al Jazeera,4.7666
2022-07-25,Al Jazeera,3.9432
2022-07-26,Al Jazeera,5.8183
2022-07-27,Al Jazeera,3.8025
2022-07-28,Al Jazeera,5.5709
2022-07-29,Al Jazeera,5.1877
2022-07-30,Al Jazeera,5.1697
2022-07-31,Al Jazeera,3.5454
2022-08-01,Al Jazeera,4.4726
2022-08-02,Al Jazeera,3.5735
2022-08-03,Al Jazeera,4.6943
2022-08-04,Al Jazeera,2.7833
2022-08-05,Al Jazeera,1.7899
2022-08-06,Al Jazeera,2.3224
2022-08-07,Al Jazeera,3.7052
2022-08-08,Al Jazeera,3.6781
2022-08-09,Al Jazeera,2.2827
2022-08-10,Al Jazeera,3.475
2022-08-11,Al Jazeera,4.1085
2022-08-12,Al Jazeera,2.9452
2022-08-13,Al Jazeera,0.6279
2022-08-14,Al Jazeera,3.7139
2022-08-15,Al Jazeera,2.2812
2022-08-16,Al Jazeera,3.659
2022-08-17,Al Jazeera,1.673
2022-08-18,Al Jazeera,5.7001
2022-08-19,Al Jazeera,6.4497
2022-08-20,Al Jazeera,5.0914
2022-08-21,Al Jazeera,5.361
2022-08-22,Al Jazeera,3.7967
2022-08-23,Al Jazeera,5.9625
2022-08-24,Al Jazeera,7.6969
2022-08-25,Al Jazeera,4.8845
2022-08-26,Al Jazeera,3.3116
2022-08-27,Al Jazeera,2.9256
2022-08-28,Al Jazeera,1.8627
2022-08-29,Al Jazeera,3.0174
2022-08-30,Al Jazeera,3.6324
2022-08-31,Al Jazeera,4.4109
2022-09-01,Al Jazeera,2.8859
2022-09-02,Al Jazeera,3.0195
2022-09-03,Al Jazeera,3.5426
2022-09-04,Al Jazeera,4.2328
2022-09-05,Al Jazeera,1.3225
2022-09-06,Al Jazeera,3.0584
2022-09-07,Al Jazeera,4.8323
2022-09-08,Al Jazeera,4.1667
2022-09-09,Al Jazeera,1.7323
2022-09-10,Al Jazeera,1.5709
2022-09-11,Al Jazeera,4.0229
2022-09-12,Al Jazeera,2.6368
2022-09-13,Al Jazeera,4.3574
2022-09-14,Al Jazeera,3.6651
2022-09-15,Al Jazeera,5.5656
2022-09-16,Al Jazeera,4.7657
2022-09-17,Al Jazeera,3.9095
2022-09-18,Al Jazeera,3.6792
2022-09-19,Al Jazeera,2.1059
2022-09-20,Al Jazeera,5.6108
2022-09-21,Al Jazeera,10.5284
2022-09-22,Al Jazeera,9.7843
2022-09-23,Al Jazeera,7.6573
2022-09-24,Al Jazeera,5.971
2022-09-25,Al Jazeera,5.204
2022-09-26,Al Jazeera,2.8605
2022-09-27,Al Jazeera,4.9633
2022-09-28,Al Jazeera,5.8053
2022-09-29,Al Jazeera,5.4426
2022-09-30,Al Jazeera,10.4885
2022-10-01,Al Jazeera,6.2488
2022-10-02,Al Jazeera,3.2088
2022-10-03,Al Jazeera,3.8121
2022-10-04,Al Jazeera,4.504
2022-10-05,Al Jazeera,4.9651
2022-10-06,Al Jazeera,4.8085
2022-10-07,Al Jazeera,6.5886
2022-10-08,Al Jazeera,5.8474
2022-10-09,Al Jazeera,5.001
2022-10-10,Al Jazeera,8.4112
2022-10-11,Al Jazeera,8.4431
2022-10-12,Al Jazeera,8.4909
2022-10-13,Al Jazeera,7.7431
2022-10-14,Al Jazeera,3.4084
2022-10-15,Al Jazeera,4.3158
2022-10-16,Al Jazeera,2.7547
2022-10-17,Al Jazeera,4.9672
2022-10-18,Al Jazeera,3.0224
2022-10-19,Al Jazeera,5.4175
2022-10-20,Al Jazeera,3.1108
2022-10-21,Al Jazeera,4.0667
2022-10-22,Al Jazeera,5.506
2022-10-23,Al Jazeera,4.8728
2022-10-24,Al Jazeera,3.4941
2022-10-25,Al Jazeera,4.5473
2022-10-26,Al Jazeera,2.6704
2022-10-27,Al Jazeera,4.9862
2022-10-28,Al Jazeera,3.2506
2022-10-29,Al Jazeera,3.8401
2022-10-30,Al Jazeera,2.3823
2022-10-31,Al Jazeera,4.8527
2022-11-01,Al Jazeera,4.329
2022-11-02,Al Jazeera,3.2495
2022-11-03,Al Jazeera,2.6876
2022-11-04,Al Jazeera,2.3635
2022-11-05,Al Jazeera,5.2496
2022-11-06,Al Jazeera,4.998
2022-11-07,Al Jazeera,3.2277
2022-11-08,Al Jazeera,2.3666
2022-11-09,Al Jazeera,2.372
2022-11-10,Al Jazeera,3.2348
2022-11-11,Al Jazeera,3.0297
2022-11-12,Al Jazeera,4.9138
2022-11-13,Al Jazeera,3.2398
2022-11-14,Al Jazeera,4.7733
2022-11-15,Al Jazeera,8.3943
2021-11-17,BBC News,0.5712
2021-11-18,BBC News,0.2688
2021-11-19,BBC News,0.1141
2021-11-20,BBC News,0.8054
2021-11-21,BBC News,1.079
2021-11-22,BBC News,0.098
2021-11-23,BBC News,0.0764
2021-11-24,BBC News,0.0192
2021-11-25,BBC News,0.1537
2021-11-26,BBC News,0.3138
2021-11-27,BBC News,0.4594
2021-11-28,BBC News,0
2021-11-29,BBC News,0
2021-11-30,BBC News,0.3861
2021-12-01,BBC News,0.1716
2021-12-02,BBC News,0.0776
2021-12-03,BBC News,0.0379
2021-12-04,BBC News,0.7892
2021-12-05,BBC News,1.137
2021-12-06,BBC News,0.0758
2021-12-07,BBC News,2.4064
2021-12-08,BBC News,1.521
2021-12-09,BBC News,0.0955
2021-12-10,BBC News,0.3986
2021-12-11,BBC News,2.4817
2021-12-12,BBC News,1.1563
2021-12-13,BBC News,0.8662
2021-12-14,BBC News,0
2021-12-15,BBC News,0.0956
2021-12-16,BBC News,0.492
2021-12-17,BBC News,0.0378
2021-12-18,BBC News,0.0577
2021-12-19,BBC News,0
2021-12-20,BBC News,0.2663
2021-12-21,BBC News,0.8774
2021-12-22,BBC News,0.0768
2021-12-23,BBC News,1.537
2021-12-24,BBC News,0.4444
2021-12-25,BBC News,0.0582
2021-12-26,BBC News,0.0585
2021-12-27,BBC News,0.1003
2021-12-28,BBC News,0.0608
2021-12-29,BBC News,0.2149
2021-12-30,BBC News,0.3293
2021-12-31,BBC News,2.2688
2022-01-01,BBC News,0.1378
2022-01-02,BBC News,0.2526
2022-01-03,BBC News,0.0781
2022-01-04,BBC News,0.0192
2022-01-05,BBC News,0
2022-01-06,BBC News,0
2022-01-07,BBC News,0.0593
2022-01-08,BBC News,0.2288
2022-01-09,BBC News,0.23
2022-01-10,BBC News,1.5867
2022-01-11,BBC News,0.0759
2022-01-12,BBC News,1.0072
2022-01-13,BBC News,0.5352
2022-01-14,BBC News,0.958
2022-01-15,BBC News,2.3006
2022-01-16,BBC News,0.8616
2022-01-17,BBC News,0.3242
2022-01-18,BBC News,1.9889
2022-01-19,BBC News,4.3239
2022-01-20,BBC News,5.0792
2022-01-21,BBC News,9.3248
2022-01-22,BBC News,8.052
2022-01-23,BBC News,5.7748
2022-01-24,BBC News,7.0085
2022-01-25,BBC News,6.8443
2022-01-26,BBC News,5.9093
2022-01-27,BBC News,4.6454
2022-01-28,BBC News,5.7946
2022-01-29,BBC News,5.8755
2022-01-30,BBC News,6.0926
2022-01-31,BBC News,3.8093
2022-02-01,BBC News,6.9635
2022-02-02,BBC News,4.7003
2022-02-03,BBC News,2.6336
2022-02-04,BBC News,2.5333
2022-02-05,BBC News,1.9764
2022-02-06,BBC News,2.1998
2022-02-07,BBC News,5.8617
2022-02-08,BBC News,3.6353
2022-02-09,BBC News,1.9862
2022-02-10,BBC News,6.1629
2022-02-11,BBC News,6.9488
2022-02-12,BBC News,10.1635
2022-02-13,BBC News,10.4798
2022-02-14,BBC News,14.5103
2022-02-15,BBC News,11.3084
2022-02-16,BBC News,7.8083
2022-02-17,BBC News,9.9266
2022-02-18,BBC News,5.4444
2022-02-19,BBC News,10.6891
2022-02-20,BBC News,7.8687
2022-02-21,BBC News,7.1837
2022-02-22,BBC News,15.7751
2022-02-23,BBC News,16.2209
2022-02-24,BBC News,25.4221
2022-02-25,BBC News,25.7381
2022-02-26,BBC News,22.7728
2022-02-27,BBC News,21.8966
2022-02-28,BBC News,21.9183
2022-03-01,BBC News,22.4165
2022-03-02,BBC News,22.338
2022-03-03,BBC News,20.8917
2022-03-04,BBC News,22.36
2022-03-05,BBC News,21.583
2022-03-06,BBC News,25.3152
2022-03-07,BBC News,18.8588
2022-03-08,BBC News,18.5228
2022-03-09,BBC News,17.9309
2022-03-10,BBC News,18.6208
2022-03-11,BBC News,18.1696
2022-03-12,BBC News,16.5727
2022-03-13,BBC News,19.6264
2022-03-14,BBC News,21.1103
2022-03-15,BBC News,17.1106
2022-03-16,BBC News,17.5287
2022-03-17,BBC News,14.6015
2022-03-18,BBC News,16.1429
2022-03-19,BBC News,19.6585
2022-03-20,BBC News,16.9198
2022-03-21,BBC News,11.3368
2022-03-22,BBC News,15.1115
2022-03-23,BBC News,7.9685
2022-03-24,BBC News,15.0087
2022-03-25,BBC News,14.3969
2022-03-26,BBC News,13.9589
2022-03-27,BBC News,14.3834
2022-03-28,BBC News,11.0623
2022-03-29,BBC News,11.7129
2022-03-30,BBC News,9.6836
2022-03-31,BBC News,9.8589
2022-04-01,BBC News,7.2117
2022-04-02,BBC News,6.2537
2022-04-03,BBC News,8.2462
2022-04-04,BBC News,11.4236
2022-04-05,BBC News,11.5273
2022-04-06,BBC News,8.6313
2022-04-07,BBC News,9.6232
2022-04-08,BBC News,8.9827
2022-04-09,BBC News,9.8301
2022-04-10,BBC News,8.8252
2022-04-11,BBC News,7.4394
2022-04-12,BBC News,8.0967
2022-04-13,BBC News,8.1504
2022-04-14,BBC News,7.2762
2022-04-15,BBC News,9.1418
2022-04-16,BBC News,9.4824
2022-04-17,BBC News,9.4062
2022-04-18,BBC News,10.4928
2022-04-19,BBC News,10.939
2022-04-20,BBC News,9.7252
2022-04-21,BBC News,5.3165
2022-04-22,BBC News,9.6301
2022-04-23,BBC News,8.7831
2022-04-24,BBC News,6.6161
2022-04-25,BBC News,8.7235
2022-04-26,BBC News,11.565
2022-04-27,BBC News,6.5548
2022-04-28,BBC News,11.5791
2022-04-29,BBC News,6.9039
2022-04-30,BBC News,6.5972
2022-05-01,BBC News,5.7361
2022-05-02,BBC News,7.1387
2022-05-03,BBC News,7.0522
2022-05-04,BBC News,5.6212
2022-05-05,BBC News,7.5635
2022-05-06,BBC News,1.1148
2022-05-07,BBC News,3.8661
2022-05-08,BBC News,7.0846
2022-05-09,BBC News,11.9017
2022-05-10,BBC News,4.9108
2022-05-11,BBC News,7.6051
2022-05-12,BBC News,5.0965
2022-05-13,BBC News,4.9312
2022-05-14,BBC News,7.7855
2022-05-15,BBC News,10.3698
2022-05-16,BBC News,6.9644
2022-05-17,BBC News,3.8637
2022-05-18,BBC News,4.806
2022-05-19,BBC News,5.059
2022-05-20,BBC News,4.204
2022-05-21,BBC News,6.2061
2022-05-22,BBC News,4.8058
2022-05-23,BBC News,5.6103
2022-05-24,BBC News,4.4326
2022-05-25,BBC News,2.8947
2022-05-26,BBC News,2.9618
2022-05-27,BBC News,3.7692
2022-05-28,BBC News,4.967
2022-05-29,BBC News,6.0618
2022-05-30,BBC News,4.3288
2022-05-31,BBC News,5.6148
2022-06-01,BBC News,10.1386
2022-06-02,BBC News,3.0044
2022-06-03,BBC News,3.9137
2022-06-04,BBC News,2.9632
2022-06-05,BBC News,2.872
2022-06-06,BBC News,4.0444
2022-06-07,BBC News,4.1619
2022-06-08,BBC News,4.4525
2022-06-09,BBC News,5.3759
2022-06-10,BBC News,4.6962
2022-06-11,BBC News,2.6621
2022-06-12,BBC News,5.3123
2022-06-13,BBC News,2.207
2022-06-14,BBC News,2.3538
2022-06-15,BBC News,3.3448
2022-06-16,BBC News,6.1644
2022-06-17,BBC News,8.2883
2022-06-18,BBC News,5.3962
2022-06-19,BBC News,4.8851
2022-06-20,BBC News,1.4999
2022-06-21,BBC News,3.0227
2022-06-22,BBC News,2.1333
2022-06-23,BBC News,4.3294
2022-06-24,BBC News,0.9378
2022-06-25,BBC News,2.1702
2022-06-26,BBC News,9.2365
2022-06-27,BBC News,10.7096
2022-06-28,BBC News,4.6944
2022-06-29,BBC News,6.4491
2022-06-30,BBC News,8.7983
2022-07-01,BBC News,3.1876
2022-07-02,BBC News,5.3747
2022-07-03,BBC News,5.8927
2022-07-04,BBC News,5.1009
2022-07-05,BBC News,3.2814
2022-07-06,BBC News,1.0587
2022-07-07,BBC News,1.7778
2022-07-08,BBC News,1.7608
2022-07-09,BBC News,2.3697
2022-07-10,BBC News,2.3595
2022-07-11,BBC News,0.5148
2022-07-12,BBC News,0.2848
2022-07-13,BBC News,0.441
2022-07-14,BBC News,2.6491
2022-07-15,BBC News,2.8086
2022-07-16,BBC News,3.3403
2022-07-17,BBC News,2.5005
2022-07-18,BBC News,1.3915
2022-07-19,BBC News,0.5415
2022-07-20,BBC News,1.3384
2022-07-21,BBC News,1.8999
2022-07-22,BBC News,4.9516
2022-07-23,BBC News,4.8804
2022-07-24,BBC News,4.4415
2022-07-25,BBC News,2.9524
2022-07-26,BBC News,4.9495
2022-07-27,BBC News,3.7606
2022-07-28,BBC News,3.5393
2022-07-29,BBC News,4.061
2022-07-30,BBC News,3.489
2022-07-31,BBC News,1.686
2022-08-01,BBC News,2.6959
2022-08-02,BBC News,1.6721
2022-08-03,BBC News,1.181
2022-08-04,BBC News,1.2197
2022-08-05,BBC News,0.9782
2022-08-06,BBC News,1.3878
2022-08-07,BBC News,2.266
2022-08-08,BBC News,2.005
2022-08-09,BBC News,0.7551
2022-08-10,BBC News,2.5646
2022-08-11,BBC News,3.3512
2022-08-12,BBC News,3.0239
2022-08-13,BBC News,0.7769
2022-08-14,BBC News,1.8421
2022-08-15,BBC News,1.4049
2022-08-16,BBC News,2.0557
2022-08-17,BBC News,1.7208
2022-08-18,BBC News,3.8763
2022-08-19,BBC News,4.4916
2022-08-20,BBC News,3.4021
2022-08-21,BBC News,4.2684
2022-08-22,BBC News,3.0798
2022-08-23,BBC News,4.1476
2022-08-24,BBC News,12.2847
2022-08-25,BBC News,2.6801
2022-08-26,BBC News,3.5735
2022-08-27,BBC News,1.1558
2022-08-28,BBC News,2.0004
2022-08-29,BBC News,2.6396
2022-08-30,BBC News,3.643
2022-08-31,BBC News,3.0315
2022-09-01,BBC News,3.6886
2022-09-02,BBC News,1.9414
2022-09-03,BBC News,2.2619
2022-09-04,BBC News,4.3139
2022-09-05,BBC News,2.3516
2022-09-06,BBC News,2.7147
2022-09-07,BBC News,2.8451
2022-09-08,BBC News,0.8204
2022-09-09,BBC News,0.1367
2022-09-10,BBC News,0.8368
2022-09-11,BBC News,1.9074
2022-09-12,BBC News,2.4951
2022-09-13,BBC News,2.8267
2022-09-14,BBC News,2.6191
2022-09-15,BBC News,2.3925
2022-09-16,BBC News,2.9562
2022-09-17,BBC News,2.3517
2022-09-18,BBC News,1.9981
2022-09-19,BBC News,0.8004
2022-09-20,BBC News,5.4943
2022-09-21,BBC News,9.0752
2022-09-22,BBC News,9.0424
2022-09-23,BBC News,4.6702
2022-09-24,BBC News,5.6626
2022-09-25,BBC News,5.5578
2022-09-26,BBC News,3.2971
2022-09-27,BBC News,4.3734
2022-09-28,BBC News,2.7746
2022-09-29,BBC News,3.2384
2022-09-30,BBC News,6.4718
2022-10-01,BBC News,5.0968
2022-10-02,BBC News,1.8377
2022-10-03,BBC News,2.0656
2022-10-04,BBC News,1.9881
2022-10-05,BBC News,3.0123
2022-10-06,BBC News,2.5744
2022-10-07,BBC News,3.4695
2022-10-08,BBC News,7.4269
2022-10-09,BBC News,4.1077
2022-10-10,BBC News,10.2434
2022-10-11,BBC News,7.3894
2022-10-12,BBC News,4.3395
2022-10-13,BBC News,3.6514
2022-10-14,BBC News,0.7113
2022-10-15,BBC News,2.1832
2022-10-16,BBC News,1.1412
2022-10-17,BBC News,1.6117
2022-10-18,BBC News,2.9859
2022-10-19,BBC News,2.5174
2022-10-20,BBC News,2.8758
2022-10-21,BBC News,3.0766
2022-10-22,BBC News,2.1993
2022-10-23,BBC News,2.9069
2022-10-24,BBC News,1.9231
2022-10-25,BBC News,2.5532
2022-10-26,BBC News,2.3942
2022-10-27,BBC News,3.546
2022-10-28,BBC News,0.7444
2022-10-29,BBC News,1.9345
2022-10-30,BBC News,3.0144
2022-10-31,BBC News,2.6695
2022-11-01,BBC News,2.6295
2022-11-02,BBC News,2.0116
2022-11-03,BBC News,2.8052
2022-11-04,BBC News,2.7655
2022-11-05,BBC News,2.2577
2022-11-06,BBC News,2.3462
2022-11-07,BBC News,3.7309
2022-11-08,BBC News,2.2197
2022-11-09,BBC News,2.4559
2022-11-10,BBC News,3.8159
2022-11-11,BBC News,4.3645
2022-11-12,BBC News,4.729
2022-11-13,BBC News,3.1458
2022-11-14,BBC News,3.9006
2022-11-15,BBC News,10.8061
2021-11-17,CNN,0
2021-11-18,CNN,0.1097
2021-11-19,CNN,0.0428
2021-11-20,CNN,0.1304
2021-11-21,CNN,0.7821
2021-11-22,CNN,0.4222
2021-11-23,CNN,1.0303
2021-11-24,CNN,1.1646
2021-11-25,CNN,0.5144
2021-11-26,CNN,1.6141
2021-11-27,CNN,0.8244
2021-11-28,CNN,0.311
2021-11-29,CNN,0.5983
2021-11-30,CNN,0.0882
2021-12-01,CNN,0.953
2021-12-02,CNN,1.2947
2021-12-03,CNN,0.6752
2021-12-04,CNN,1.2775
2021-12-05,CNN,1.6267
2021-12-06,CNN,3.4175
2021-12-07,CNN,7.1475
2021-12-08,CNN,6.7538
2021-12-09,CNN,2.9928
2021-12-10,CNN,0.7296
2021-12-11,CNN,0.3928
2021-12-12,CNN,1.4116
2021-12-13,CNN,0.1306
2021-12-14,CNN,0.3398
2021-12-15,CNN,0.217
2021-12-16,CNN,0.0216
2021-12-17,CNN,0.3796
2021-12-18,CNN,0.0656
2021-12-19,CNN,0.4152
2021-12-20,CNN,0.2473
2021-12-21,CNN,0.2872
2021-12-22,CNN,0.5544
2021-12-23,CNN,0.8523
2021-12-24,CNN,0.6165
2021-12-25,CNN,0
2021-12-26,CNN,0
2021-12-27,CNN,0.3865
2021-12-28,CNN,0.8276
2021-12-29,CNN,1.2715
2021-12-30,CNN,4.055
2021-12-31,CNN,3.4304
2022-01-01,CNN,0.9333
2022-01-02,CNN,2.0472
2022-01-03,CNN,1.3373
2022-01-04,CNN,0.3285
2022-01-05,CNN,0
2022-01-06,CNN,0.021
2022-01-07,CNN,0.2122
2022-01-08,CNN,0.5743
2022-01-09,CNN,2.7075
2022-01-10,CNN,2.6895
2022-01-11,CNN,1.1671
2022-01-12,CNN,0.7104
2022-01-13,CNN,0.5902
2022-01-14,CNN,1.3625
2022-01-15,CNN,1.7023
2022-01-16,CNN,1.6794
2022-01-17,CNN,2.2697
2022-01-18,CNN,4.1248
2022-01-19,CNN,4.8695
2022-01-20,CNN,5.0874
2022-01-21,CNN,5.2438
2022-01-22,CNN,4.4607
2022-01-23,CNN,6.7411
2022-01-24,CNN,6.6302
2022-01-25,CNN,8.2253
2022-01-26,CNN,5.4962
2022-01-27,CNN,4.6752
2022-01-28,CNN,5.7705
2022-01-29,CNN,4.3666
2022-01-30,CNN,6.0729
2022-01-31,CNN,5.4218
2022-02-01,CNN,3.5076
2022-02-02,CNN,4.1786
2022-02-03,CNN,3.5229
2022-02-04,CNN,3.3245
2022-02-05,CNN,2.3416
2022-02-06,CNN,3.5578
2022-02-07,CNN,6.3252
2022-02-08,CNN,5.6931
2022-02-09,CNN,3.573
2022-02-10,CNN,2.4841
2022-02-11,CNN,3.8917
2022-02-12,CNN,9.2414
2022-02-13,CNN,7.8056
2022-02-14,CNN,10.7372
2022-02-15,CNN,11.0128
2022-02-16,CNN,10.5957
2022-02-17,CNN,9.4236
2022-02-18,CNN,8.7678
2022-02-19,CNN,10.8233
2022-02-20,CNN,11.1062
2022-02-21,CNN,13.2385
2022-02-22,CNN,18.109
2022-02-23,CNN,16.0345
2022-02-24,CNN,21.7775
2022-02-25,CNN,17.5989
2022-02-26,CNN,17.8165
2022-02-27,CNN,19.1354
2022-02-28,CNN,17.928
2022-03-01,CNN,17.9866
2022-03-02,CNN,18.4048
2022-03-03,CNN,17.2547
2022-03-04,CNN,16.8456
2022-03-05,CNN,18.0294
2022-03-06,CNN,19.5225
2022-03-07,CNN,18.2113
2022-03-08,CNN,16.0678
2022-03-09,CNN,15.7823
2022-03-10,CNN,18.7341
2022-03-11,CNN,18.1628
2022-03-12,CNN,19.4164
2022-03-13,CNN,20.1651
2022-03-14,CNN,20.1164
2022-03-15,CNN,16.0232
2022-03-16,CNN,18.4896
2022-03-17,CNN,15.7699
2022-03-18,CNN,15.6264
2022-03-19,CNN,17.4764
2022-03-20,CNN,19.4531
2022-03-21,CNN,14.1938
2022-03-22,CNN,8.929
2022-03-23,CNN,14.0639
2022-03-24,CNN,16.386
2022-03-25,CNN,16.4295
2022-03-26,CNN,16.3992
2022-03-27,CNN,16.1023
2022-03-28,CNN,15.7631
2022-03-29,CNN,15.3719
2022-03-30,CNN,14.3671
2022-03-31,CNN,11.7413
2022-04-01,CNN,14.3775
2022-04-02,CNN,15.5587
2022-04-03,CNN,15.6329
2022-04-04,CNN,13.5723
2022-04-05,CNN,12.6299
2022-04-06,CNN,13.6048
2022-04-07,CNN,13.6101
2022-04-08,CNN,13.4875
2022-04-09,CNN,13.5445
2022-04-10,CNN,16.1155
2022-04-11,CNN,12.3596
2022-04-12,CNN,10.1504
2022-04-13,CNN,11.6402
2022-04-14,CNN,13.9335
2022-04-15,CNN,13.9683
2022-04-16,CNN,14.5886
2022-04-17,CNN,13.2411
2022-04-18,CNN,13.9355
2022-04-19,CNN,11.381
2022-04-20,CNN,12.4915
2022-04-21,CNN,11.2261
2022-04-22,CNN,10.2862
2022-04-23,CNN,9.9466
2022-04-24,CNN,10.154
2022-04-25,CNN,15.565
2022-04-26,CNN,13.3068
2022-04-27,CNN,10.3694
2022-04-28,CNN,11.7621
2022-04-29,CNN,12.0052
2022-04-30,CNN,8.5675
2022-05-01,CNN,8.8389
2022-05-02,CNN,8.3258
2022-05-03,CNN,6.8481
2022-05-04,CNN,6.1745
2022-05-05,CNN,6.0379
2022-05-06,CNN,7.6435
2022-05-07,CNN,7.8907
2022-05-08,CNN,7.7179
2022-05-09,CNN,10.2654
2022-05-10,CNN,8.7012
2022-05-11,CNN,5.815
2022-05-12,CNN,5.0237
2022-05-13,CNN,6.9486
2022-05-14,CNN,5.6097
2022-05-15,CNN,3.462
2022-05-16,CNN,2.4287
2022-05-17,CNN,2.4847
2022-05-18,CNN,2.1393
2022-05-19,CNN,6.1871
2022-05-20,CNN,4.7261
2022-05-21,CNN,3.6139
2022-05-22,CNN,3.5266
2022-05-23,CNN,6.6782
2022-05-24,CNN,4.9317
2022-05-25,CNN,0.1285
2022-05-26,CNN,0.857
2022-05-27,CNN,2.0962
2022-05-28,CNN,2.5849
2022-05-29,CNN,2.7511
2022-05-30,CNN,3.4269
2022-05-31,CNN,3.8488
2022-06-01,CNN,4.2967
2022-06-02,CNN,1.8564
2022-06-03,CNN,2.4834
2022-06-04,CNN,1.8036
2022-06-05,CNN,2.4007
2022-06-06,CNN,3.6451
2022-06-07,CNN,1.1445
2022-06-08,CNN,1.3849
2022-06-09,CNN,0.7028
2022-06-10,CNN,1.9043
2022-06-11,CNN,2.5719
2022-06-12,CNN,2.1066
2022-06-13,CNN,1.7029
2022-06-14,CNN,1.4382
2022-06-15,CNN,2.99
2022-06-16,CNN,3.5467
2022-06-17,CNN,3.9824
2022-06-18,CNN,3.4445
2022-06-19,CNN,3.0126
2022-06-20,CNN,2.3708
2022-06-21,CNN,1.1017
2022-06-22,CNN,1.6411
2022-06-23,CNN,1.7593
2022-06-24,CNN,0.4672
2022-06-25,CNN,1.5926
2022-06-26,CNN,3.8093
2022-06-27,CNN,4.8048
2022-06-28,CNN,2.4634
2022-06-29,CNN,2.416
2022-06-30,CNN,4.1478
2022-07-01,CNN,1.443
2022-07-02,CNN,1.7552
2022-07-03,CNN,1.2984
2022-07-04,CNN,1.626
2022-07-05,CNN,1.4881
2022-07-06,CNN,1.2142
2022-07-07,CNN,2.8802
2022-07-08,CNN,1.5145
2022-07-09,CNN,1.4305
2022-07-10,CNN,1.8384
2022-07-11,CNN,1.6085
2022-07-12,CNN,0.7338
2022-07-13,CNN,0.9138
2022-07-14,CNN,1.1675
2022-07-15,CNN,0.9557
2022-07-16,CNN,1.6364
2022-07-17,CNN,1.4617
2022-07-18,CNN,2.0009
2022-07-19,CNN,1.0101
2022-07-20,CNN,1.2321
2022-07-21,CNN,0.9582
2022-07-22,CNN,1.4836
2022-07-23,CNN,2.1878
2022-07-24,CNN,2.3514
2022-07-25,CNN,2.8413
2022-07-26,CNN,1.595
2022-07-27,CNN,1.3651
2022-07-28,CNN,1.0391
2022-07-29,CNN,0.8766
2022-07-30,CNN,1.0841
2022-07-31,CNN,1.4759
2022-08-01,CNN,1.963
2022-08-02,CNN,0.7122
2022-08-03,CNN,1.263
2022-08-04,CNN,0.8199
2022-08-05,CNN,0.5774
2022-08-06,CNN,0.7299
2022-08-07,CNN,1.3336
2022-08-08,CNN,1.6111
2022-08-09,CNN,0.4621
2022-08-10,CNN,0.7517
2022-08-11,CNN,0.8014
2022-08-12,CNN,0.5699
2022-08-13,CNN,0.7512
2022-08-14,CNN,0.7818
2022-08-15,CNN,0.7436
2022-08-16,CNN,0.7119
2022-08-17,CNN,0.5503
2022-08-18,CNN,0.9272
2022-08-19,CNN,2.6118
2022-08-20,CNN,2.6252
2022-08-21,CNN,2.5647
2022-08-22,CNN,4.8518
2022-08-23,CNN,5.1865
2022-08-24,CNN,5.2667
2022-08-25,CNN,3.1686
2022-08-26,CNN,0.9952
2022-08-27,CNN,1.9256
2022-08-28,CNN,1.3225
2022-08-29,CNN,1.7179
2022-08-30,CNN,1.7654
2022-08-31,CNN,1.4041
2022-09-01,CNN,1.2163
2022-09-02,CNN,0.586
2022-09-03,CNN,0.9179
2022-09-04,CNN,1.3502
2022-09-05,CNN,0.6742
2022-09-06,CNN,2.066
2022-09-07,CNN,1.7318
2022-09-08,CNN,1.7666
2022-09-09,CNN,0.2142
2022-09-10,CNN,0.9831
2022-09-11,CNN,2.167
2022-09-12,CNN,2.8788
2022-09-13,CNN,3.5691
2022-09-14,CNN,2.8212
2022-09-15,CNN,2.4007
2022-09-16,CNN,2.7115
2022-09-17,CNN,2.3646
2022-09-18,CNN,2.2936
2022-09-19,CNN,1.2382
2022-09-20,CNN,2.1135
2022-09-21,CNN,6.1982
2022-09-22,CNN,4.8469
2022-09-23,CNN,3.9156
2022-09-24,CNN,3.4468
2022-09-25,CNN,3.1147
2022-09-26,CNN,1.8995
2022-09-27,CNN,2.1455
2022-09-28,CNN,1.5621
2022-09-29,CNN,0.2152
2022-09-30,CNN,3.1908
2022-10-01,CNN,4.8207
2022-10-02,CNN,2.4164
2022-10-03,CNN,3.1836
2022-10-04,CNN,3.1104
2022-10-05,CNN,2.2026
2022-10-06,CNN,2.1976
2022-10-07,CNN,3.72
2022-10-08,CNN,4.4969
2022-10-09,CNN,3.9532
2022-10-10,CNN,7.3578
2022-10-11,CNN,6.3007
2022-10-12,CNN,5.0187
2022-10-13,CNN,1.8952
2022-10-14,CNN,2.4939
2022-10-15,CNN,2.9128
2022-10-16,CNN,2.1898
2022-10-17,CNN,3.4763
2022-10-18,CNN,3.5235
2022-10-19,CNN,4.3304
2022-10-20,CNN,3.5437
2022-10-21,CNN,2.3878
2022-10-22,CNN,2.8534
2022-10-23,CNN,2.7448
2022-10-24,CNN,2.6598
2022-10-25,CNN,3.4364
2022-10-26,CNN,4.0853
2022-10-27,CNN,3.5819
2022-10-28,CNN,1.2673
2022-10-29,CNN,1.3437
2022-10-30,CNN,1.2984
2022-10-31,CNN,1.6807
2022-11-01,CNN,1.4965
2022-11-02,CNN,1.6685
2022-11-03,CNN,1.9453
2022-11-04,CNN,1.4647
2022-11-05,CNN,1.2896
2022-11-06,CNN,0.7533
2022-11-07,CNN,1.8535
2022-11-08,CNN,0.4528
2022-11-09,CNN,0.3601
2022-11-10,CNN,1.3567
2022-11-11,CNN,1.4439
2022-11-12,CNN,2.3068
2022-11-13,CNN,1.6056
2022-11-14,CNN,2.0075
2022-11-15,CNN,3.6733
2021-11-17,Deutsche Welle News,0
2021-11-18,Deutsche Welle News,0
2021-11-19,Deutsche Welle News,0
2021-11-20,Deutsche Welle News,0
2021-11-21,Deutsche Welle News,0
2021-11-22,Deutsche Welle News,0
2021-11-23,Deutsche Welle News,0
2021-11-24,Deutsche Welle News,0
2021-11-25,Deutsche Welle News,0
2021-11-26,Deutsche Welle News,0
2021-11-27,Deutsche Welle News,0
2021-11-28,Deutsche Welle News,0
2021-11-29,Deutsche Welle News,0
2021-11-30,Deutsche Welle News,0
2021-12-01,Deutsche Welle News,0
2021-12-02,Deutsche Welle News,0
2021-12-03,Deutsche Welle News,0
2021-12-04,Deutsche Welle News,0
2021-12-05,Deutsche Welle News,0
2021-12-06,Deutsche Welle News,0
2021-12-07,Deutsche Welle News,0
2021-12-08,Deutsche Welle News,0
2021-12-09,Deutsche Welle News,0
2021-12-10,Deutsche Welle News,0
2021-12-11,Deutsche Welle News,0
2021-12-12,Deutsche Welle News,0
2021-12-13,Deutsche Welle News,0
2021-12-14,Deutsche Welle News,0
2021-12-15,Deutsche Welle News,0
2021-12-16,Deutsche Welle News,0
2021-12-17,Deutsche Welle News,0
2021-12-18,Deutsche Welle News,0.4111
2021-12-19,Deutsche Welle News,0.4356
2021-12-20,Deutsche Welle News,0.2004
2021-12-21,Deutsche Welle News,0
2021-12-22,Deutsche Welle News,0.2174
2021-12-23,Deutsche Welle News,2.0594
2021-12-24,Deutsche Welle News,1.1316
2021-12-25,Deutsche Welle News,0.3167
2021-12-26,Deutsche Welle News,0.4181
2021-12-27,Deutsche Welle News,0.0793
2021-12-28,Deutsche Welle News,0.2352
2021-12-29,Deutsche Welle News,0.0196
2021-12-30,Deutsche Welle News,0.6256
2021-12-31,Deutsche Welle News,1.4269
2022-01-01,Deutsche Welle News,0.1176
2022-01-02,Deutsche Welle News,0.4093
2022-01-03,Deutsche Welle News,0.3739
2022-01-04,Deutsche Welle News,0
2022-01-05,Deutsche Welle News,0.8817
2022-01-06,Deutsche Welle News,0.3722
2022-01-07,Deutsche Welle News,0.5326
2022-01-08,Deutsche Welle News,0.5258
2022-01-09,Deutsche Welle News,0.4285
2022-01-10,Deutsche Welle News,3.6445
2022-01-11,Deutsche Welle News,2.0289
2022-01-12,Deutsche Welle News,3.0066
2022-01-13,Deutsche Welle News,4.3257
2022-01-14,Deutsche Welle News,5.52
2022-01-15,Deutsche Welle News,1.991
2022-01-16,Deutsche Welle News,0.7013
2022-01-17,Deutsche Welle News,3.9032
2022-01-18,Deutsche Welle News,4.7918
2022-01-19,Deutsche Welle News,5.1738
2022-01-20,Deutsche Welle News,4.5734
2022-01-21,Deutsche Welle News,4.1293
2022-01-22,Deutsche Welle News,1.8816
2022-01-23,Deutsche Welle News,5.2756
2022-01-24,Deutsche Welle News,5.3653
2022-01-25,Deutsche Welle News,5.4307
2022-01-26,Deutsche Welle News,4.7869
2022-01-27,Deutsche Welle News,6.6023
2022-01-28,Deutsche Welle News,8.4039
2022-01-29,Deutsche Welle News,3.7291
2022-01-30,Deutsche Welle News,0.7845
2022-01-31,Deutsche Welle News,3.8824
2022-02-01,Deutsche Welle News,5.537
2022-02-02,Deutsche Welle News,6.1902
2022-02-03,Deutsche Welle News,7.4908
2022-02-04,Deutsche Welle News,5.3927
2022-02-05,Deutsche Welle News,3.8363
2022-02-06,Deutsche Welle News,3.1479
2022-02-07,Deutsche Welle News,7.4709
2022-02-08,Deutsche Welle News,6.5162
2022-02-09,Deutsche Welle News,7.1074
2022-02-10,Deutsche Welle News,6.0291
2022-02-11,Deutsche Welle News,7.0937
2022-02-12,Deutsche Welle News,6.934
2022-02-13,Deutsche Welle News,4.5749
2022-02-14,Deutsche Welle News,9.5953
2022-02-15,Deutsche Welle News,8.2776
2022-02-16,Deutsche Welle News,7.7133
2022-02-17,Deutsche Welle News,8.011
2022-02-18,Deutsche Welle News,13.266
2022-02-19,Deutsche Welle News,10.5191
2022-02-20,Deutsche Welle News,7.2327
2022-02-21,Deutsche Welle News,7.0628
2022-02-22,Deutsche Welle News,17.1629
2022-02-23,Deutsche Welle News,15.3273
2022-02-24,Deutsche Welle News,26.1012
2022-02-25,Deutsche Welle News,23.6321
2022-02-26,Deutsche Welle News,16.7793
2022-02-27,Deutsche Welle News,14.2047
2022-02-28,Deutsche Welle News,22.9537
2022-03-01,Deutsche Welle News,25.2418
2022-03-02,Deutsche Welle News,24.5853
2022-03-03,Deutsche Welle News,22.0067
2022-03-04,Deutsche Welle News,21.6454
2022-03-05,Deutsche Welle News,18.7241
2022-03-06,Deutsche Welle News,16.756
2022-03-07,Deutsche Welle News,18.9668
2022-03-08,Deutsche Welle News,20.3157
2022-03-09,Deutsche Welle News,22.6522
2022-03-10,Deutsche Welle News,23.7517
2022-03-11,Deutsche Welle News,17.7358
2022-03-12,Deutsche Welle News,15.4156
2022-03-13,Deutsche Welle News,14.511
2022-03-14,Deutsche Welle News,16
2022-03-15,Deutsche Welle News,12.163
2022-03-16,Deutsche Welle News,18.1104
2022-03-17,Deutsche Welle News,17.3931
2022-03-18,Deutsche Welle News,16.624
2022-03-19,Deutsche Welle News,16.4129
2022-03-20,Deutsche Welle News,16.6501
2022-03-21,Deutsche Welle News,14.5209
2022-03-22,Deutsche Welle News,17.9346
2022-03-23,Deutsche Welle News,20.1022
2022-03-24,Deutsche Welle News,20.7618
2022-03-25,Deutsche Welle News,19.7017
2022-03-26,Deutsche Welle News,16.2204
2022-03-27,Deutsche Welle News,18.2648
2022-03-28,Deutsche Welle News,13.3696
2022-03-29,Deutsche Welle News,16.0561
2022-03-30,Deutsche Welle News,12.7785
2022-03-31,Deutsche Welle News,8.7105
2022-04-01,Deutsche Welle News,12.4169
2022-04-02,Deutsche Welle News,7.3958
2022-04-03,Deutsche Welle News,8.1229
2022-04-04,Deutsche Welle News,9.342
2022-04-05,Deutsche Welle News,11.6
2022-04-06,Deutsche Welle News,16.2157
2022-04-07,Deutsche Welle News,17.623
2022-04-08,Deutsche Welle News,13.6426
2022-04-09,Deutsche Welle News,12.2009
2022-04-10,Deutsche Welle News,10.4171
2022-04-11,Deutsche Welle News,10.6617
2022-04-12,Deutsche Welle News,12.2704
2022-04-13,Deutsche Welle News,16.9022
2022-04-14,Deutsche Welle News,15.5481
2022-04-15,Deutsche Welle News,8.8235
2022-04-16,Deutsche Welle News,8.0408
2022-04-17,Deutsche Welle News,7.7637
2022-04-18,Deutsche Welle News,8.6794
2022-04-19,Deutsche Welle News,10.7641
2022-04-20,Deutsche Welle News,13.1751
2022-04-21,Deutsche Welle News,12.6622
2022-04-22,Deutsche Welle News,9.1678
2022-04-23,Deutsche Welle News,8.4776
2022-04-24,Deutsche Welle News,4.9255
2022-04-25,Deutsche Welle News,9.2759
2022-04-26,Deutsche Welle News,15.8619
2022-04-27,Deutsche Welle News,14.1529
2022-04-28,Deutsche Welle News,9.3
2022-04-29,Deutsche Welle News,10
2022-04-30,Deutsche Welle News,13
2022-05-01,Deutsche Welle News,11
2022-05-02,Deutsche Welle News,9
2022-05-03,Deutsche Welle News,9.2511
2022-05-04,Deutsche Welle News,13.0817
2022-05-05,Deutsche Welle News,12.1176
2022-05-06,Deutsche Welle News,12.876
2022-05-07,Deutsche Welle News,7.859
2022-05-08,Deutsche Welle News,10.0591
2022-05-09,Deutsche Welle News,11.9359
2022-05-10,Deutsche Welle News,10.3644
2022-05-11,Deutsche Welle News,10.4571
2022-05-12,Deutsche Welle News,14.0983
2022-05-13,Deutsche Welle News,13.2942
2022-05-14,Deutsche Welle News,10.4553
2022-05-15,Deutsche Welle News,7.7454
2022-05-16,Deutsche Welle News,8.8063
2022-05-17,Deutsche Welle News,7.6343
2022-05-18,Deutsche Welle News,7.8168
2022-05-19,Deutsche Welle News,10.485
2022-05-20,Deutsche Welle News,9.3632
2022-05-21,Deutsche Welle News,3.8576
2022-05-22,Deutsche Welle News,6.6371
2022-05-23,Deutsche Welle News,10.7463
2022-05-24,Deutsche Welle News,11.9504
2022-05-25,Deutsche Welle News,7.0655
2022-05-26,Deutsche Welle News,11.4122
2022-05-27,Deutsche Welle News,8.5709
2022-05-28,Deutsche Welle News,4.6912
2022-05-29,Deutsche Welle News,5.6507
2022-05-30,Deutsche Welle News,7.2365
2022-05-31,Deutsche Welle News,8.8442
2022-06-01,Deutsche Welle News,12.404
2022-06-02,Deutsche Welle News,10.3245
2022-06-03,Deutsche Welle News,12.0282
2022-06-04,Deutsche Welle News,5.5081
2022-06-05,Deutsche Welle News,5.443
2022-06-06,Deutsche Welle News,6.5179
2022-06-07,Deutsche Welle News,8.8757
2022-06-08,Deutsche Welle News,10.2273
2022-06-09,Deutsche Welle News,11.8794
2022-06-10,Deutsche Welle News,8.4806
2022-06-11,Deutsche Welle News,6.5969
2022-06-12,Deutsche Welle News,6.4491
2022-06-13,Deutsche Welle News,7.2945
2022-06-14,Deutsche Welle News,6.8195
2022-06-15,Deutsche Welle News,8.823
2022-06-16,Deutsche Welle News,16.3658
2022-06-17,Deutsche Welle News,13.3939
2022-06-18,Deutsche Welle News,4.944
2022-06-19,Deutsche Welle News,4.3633
2022-06-20,Deutsche Welle News,7.1877
2022-06-21,Deutsche Welle News,8.7847
2022-06-22,Deutsche Welle News,10.2625
2022-06-23,Deutsche Welle News,14.3177
2022-06-24,Deutsche Welle News,12.0881
2022-06-25,Deutsche Welle News,7.1386
2022-06-26,Deutsche Welle News,9.4242
2022-06-27,Deutsche Welle News,10.6316
2022-06-28,Deutsche Welle News,10.2161
2022-06-29,Deutsche Welle News,7.9173
2022-06-30,Deutsche Welle News,10.6885
2022-07-01,Deutsche Welle News,8.722
2022-07-02,Deutsche Welle News,7.4327
2022-07-03,Deutsche Welle News,6.9804
2022-07-04,Deutsche Welle News,6.8708
2022-07-05,Deutsche Welle News,6.3563
2022-07-06,Deutsche Welle News,7.6089
2022-07-07,Deutsche Welle News,10.8289
2022-07-08,Deutsche Welle News,7.4103
2022-07-09,Deutsche Welle News,4.7854
2022-07-10,Deutsche Welle News,2.0513
2022-07-11,Deutsche Welle News,5.9468
2022-07-12,Deutsche Welle News,7.6369
2022-07-13,Deutsche Welle News,5.8249
2022-07-14,Deutsche Welle News,6.0016
2022-07-15,Deutsche Welle News,6.277
2022-07-16,Deutsche Welle News,3.7398
2022-07-17,Deutsche Welle News,3.1287
2022-07-18,Deutsche Welle News,5.9824
2022-07-19,Deutsche Welle News,6.4853
2022-07-20,Deutsche Welle News,4.6685
2022-07-21,Deutsche Welle News,8.6136
2022-07-22,Deutsche Welle News,6.4791
2022-07-23,Deutsche Welle News,6.0606
2022-07-24,Deutsche Welle News,4.5391
2022-07-25,Deutsche Welle News,6.8911
2022-07-26,Deutsche Welle News,5.1846
2022-07-27,Deutsche Welle News,5.5643
2022-07-28,Deutsche Welle News,10.8342
2022-07-29,Deutsche Welle News,7.446
2022-07-30,Deutsche Welle News,5.8396
2022-07-31,Deutsche Welle News,3.925
2022-08-01,Deutsche Welle News,5.5622
2022-08-02,Deutsche Welle News,7.5785
2022-08-03,Deutsche Welle News,5.3242
2022-08-04,Deutsche Welle News,4.0063
2022-08-05,Deutsche Welle News,3.5679
2022-08-06,Deutsche Welle News,2.9017
2022-08-07,Deutsche Welle News,2.4414
2022-08-08,Deutsche Welle News,3.5848
2022-08-09,Deutsche Welle News,3.1176
2022-08-10,Deutsche Welle News,7.2617
2022-08-11,Deutsche Welle News,11.0414
2022-08-12,Deutsche Welle News,3.1115
2022-08-13,Deutsche Welle News,1.3306
2022-08-14,Deutsche Welle News,0.9447
2022-08-15,Deutsche Welle News,1.0784
2022-08-16,Deutsche Welle News,1.6349
2022-08-17,Deutsche Welle News,2.3425
2022-08-18,Deutsche Welle News,7.2763
2022-08-19,Deutsche Welle News,9.7743
2022-08-20,Deutsche Welle News,4.5069
2022-08-21,Deutsche Welle News,3.0206
2022-08-22,Deutsche Welle News,5.8351
2022-08-23,Deutsche Welle News,7.5172
2022-08-24,Deutsche Welle News,11.3049
2022-08-25,Deutsche Welle News,9.5895
2022-08-26,Deutsche Welle News,8.5552
2022-08-27,Deutsche Welle News,3.6697
2022-08-28,Deutsche Welle News,1.2162
2022-08-29,Deutsche Welle News,5.7014
2022-08-30,Deutsche Welle News,5.3096
2022-08-31,Deutsche Welle News,3.7378
2022-09-01,Deutsche Welle News,8.5337
2022-09-02,Deutsche Welle News,6.77
2022-09-03,Deutsche Welle News,3.7263
2022-09-04,Deutsche Welle News,2.5514
2022-09-05,Deutsche Welle News,2.1949
2022-09-06,Deutsche Welle News,4.1569
2022-09-07,Deutsche Welle News,6.1176
2022-09-08,Deutsche Welle News,8.3121
2022-09-09,Deutsche Welle News,1.5375
2022-09-10,Deutsche Welle News,3.2258
2022-09-11,Deutsche Welle News,3.1182
2022-09-12,Deutsche Welle News,3.7517
2022-09-13,Deutsche Welle News,3.9585
2022-09-14,Deutsche Welle News,6.5448
2022-09-15,Deutsche Welle News,11.05
2022-09-16,Deutsche Welle News,9.8016
2022-09-17,Deutsche Welle News,4.2153
2022-09-18,Deutsche Welle News,2.8566
2022-09-19,Deutsche Welle News,2.6782
2022-09-20,Deutsche Welle News,7.2974
2022-09-21,Deutsche Welle News,10.5855
2022-09-22,Deutsche Welle News,9.8302
2022-09-23,Deutsche Welle News,9.4565
2022-09-24,Deutsche Welle News,5.9894
2022-09-25,Deutsche Welle News,5.8777
2022-09-26,Deutsche Welle News,4.3197
2022-09-27,Deutsche Welle News,6.5277
2022-09-28,Deutsche Welle News,7.818
2022-09-29,Deutsche Welle News,7.8292
2022-09-30,Deutsche Welle News,8.9538
2022-10-01,Deutsche Welle News,4.5481
2022-10-02,Deutsche Welle News,2.9586
2022-10-03,Deutsche Welle News,4.9795
2022-10-04,Deutsche Welle News,5.8073
2022-10-05,Deutsche Welle News,6.4206
2022-10-06,Deutsche Welle News,8.0538
2022-10-07,Deutsche Welle News,6.9087
2022-10-08,Deutsche Welle News,6.2093
2022-10-09,Deutsche Welle News,5.2823
2022-10-10,Deutsche Welle News,9.8338
2022-10-11,Deutsche Welle News,13.8583
2022-10-12,Deutsche Welle News,9.7326
2022-10-13,Deutsche Welle News,13.8033
2022-10-14,Deutsche Welle News,7.2051
2022-10-15,Deutsche Welle News,3.6833
2022-10-16,Deutsche Welle News,2.3763
2022-10-17,Deutsche Welle News,4.7349
2022-10-18,Deutsche Welle News,5.2264
2022-10-19,Deutsche Welle News,9.2305
2022-10-20,Deutsche Welle News,12.4438
2022-10-21,Deutsche Welle News,7.1092
2022-10-22,Deutsche Welle News,5
2022-10-23,Deutsche Welle News,2.9986
2022-10-24,Deutsche Welle News,5.4669
2022-10-25,Deutsche Welle News,10.4287
2022-10-26,Deutsche Welle News,6.473
2022-10-27,Deutsche Welle News,6.9567
2022-10-28,Deutsche Welle News,7.2635
2022-10-29,Deutsche Welle News,4.3248
2022-10-30,Deutsche Welle News,2.6024
2022-10-31,Deutsche Welle News,3.6029
2022-11-01,Deutsche Welle News,0.9465
2022-11-02,Deutsche Welle News,0
2022-11-03,Deutsche Welle News,6.3813
2022-11-04,Deutsche Welle News,5.462
2022-11-05,Deutsche Welle News,2.2388
2022-11-06,Deutsche Welle News,3.6435
2022-11-07,Deutsche Welle News,4.3512
2022-11-08,Deutsche Welle News,4.324
2022-11-09,Deutsche Welle News,3.8591
2022-11-10,Deutsche Welle News,6.1621
2022-11-11,Deutsche Welle News,5.0864
2022-11-12,Deutsche Welle News,5.202
2022-11-13,Deutsche Welle News,3.1238
2022-11-14,Deutsche Welle News,4.5589
2022-11-15,Deutsche Welle News,5.4875
2021-11-17,Fox News,0
2021-11-18,Fox News,0.0236
2021-11-19,Fox News,0.0447
2021-11-20,Fox News,0.0465
2021-11-21,Fox News,0.0238
2021-11-22,Fox News,0.3139
2021-11-23,Fox News,0.4314
2021-11-24,Fox News,0.6544
2021-11-25,Fox News,0.2719
2021-11-26,Fox News,0.6341
2021-11-27,Fox News,1.4647
2021-11-28,Fox News,0.3689
2021-11-29,Fox News,0.164
2021-11-30,Fox News,0.3837
2021-12-01,Fox News,0.184
2021-12-02,Fox News,0.5002
2021-12-03,Fox News,1.0653
2021-12-04,Fox News,1.0743
2021-12-05,Fox News,1.2911
2021-12-06,Fox News,3.8363
2021-12-07,Fox News,6.1297
2021-12-08,Fox News,4.2874
2021-12-09,Fox News,1.6803
2021-12-10,Fox News,1.0204
2021-12-11,Fox News,0.5052
2021-12-12,Fox News,0.6702
2021-12-13,Fox News,0.3715
2021-12-14,Fox News,0.3761
2021-12-15,Fox News,0.2593
2021-12-16,Fox News,0.4718
2021-12-17,Fox News,0.1842
2021-12-18,Fox News,0.5881
2021-12-19,Fox News,0.5674
2021-12-20,Fox News,0.5023
2021-12-21,Fox News,0.0491
2021-12-22,Fox News,0.395
2021-12-23,Fox News,0.386
2021-12-24,Fox News,0.8975
2021-12-25,Fox News,0.4003
2021-12-26,Fox News,0.8895
2021-12-27,Fox News,1.3739
2021-12-28,Fox News,0.0994
2021-12-29,Fox News,0.3913
2021-12-30,Fox News,2.7546
2021-12-31,Fox News,2.6716
2022-01-01,Fox News,1.0641
2022-01-02,Fox News,1.0268
2022-01-03,Fox News,1.5973
2022-01-04,Fox News,0.3322
2022-01-05,Fox News,0.0713
2022-01-06,Fox News,0.0709
2022-01-07,Fox News,0.0473
2022-01-08,Fox News,0.0488
2022-01-09,Fox News,0.4133
2022-01-10,Fox News,1.5677
2022-01-11,Fox News,0.6065
2022-01-12,Fox News,0.0945
2022-01-13,Fox News,0.296
2022-01-14,Fox News,1.4029
2022-01-15,Fox News,0.7798
2022-01-16,Fox News,0.2336
2022-01-17,Fox News,0.6357
2022-01-18,Fox News,0.6878
2022-01-19,Fox News,2.3724
2022-01-20,Fox News,3.6766
2022-01-21,Fox News,6.3855
2022-01-22,Fox News,4.9294
2022-01-23,Fox News,7.0648
2022-01-24,Fox News,8.8034
2022-01-25,Fox News,7.8923
2022-01-26,Fox News,4.6027
2022-01-27,Fox News,3.6175
2022-01-28,Fox News,3.5475
2022-01-29,Fox News,4.3762
2022-01-30,Fox News,6.1264
2022-01-31,Fox News,5.2126
2022-02-01,Fox News,2.5547
2022-02-02,Fox News,2.603
2022-02-03,Fox News,2.7619
2022-02-04,Fox News,1.411
2022-02-05,Fox News,3.1083
2022-02-06,Fox News,3.4833
2022-02-07,Fox News,5.8604
2022-02-08,Fox News,2.5705
2022-02-09,Fox News,1.7796
2022-02-10,Fox News,1.2264
2022-02-11,Fox News,5.0146
2022-02-12,Fox News,6.8187
2022-02-13,Fox News,4.8889
2022-02-14,Fox News,6.456
2022-02-15,Fox News,5.8877
2022-02-16,Fox News,5.1131
2022-02-17,Fox News,3.9251
2022-02-18,Fox News,6.0206
2022-02-19,Fox News,6.7451
2022-02-20,Fox News,6.8116
2022-02-21,Fox News,10.2528
2022-02-22,Fox News,11.9272
2022-02-23,Fox News,10.9949
2022-02-24,Fox News,22.2623
2022-02-25,Fox News,19.5608
2022-02-26,Fox News,21.4104
2022-02-27,Fox News,17.9976
2022-02-28,Fox News,18.2883
2022-03-01,Fox News,17.9674
2022-03-02,Fox News,15.6164
2022-03-03,Fox News,16.4732
2022-03-04,Fox News,18.9158
2022-03-05,Fox News,17.7559
2022-03-06,Fox News,20.2622
2022-03-07,Fox News,16.3112
2022-03-08,Fox News,16.813
2022-03-09,Fox News,15.5093
2022-03-10,Fox News,16.9227
2022-03-11,Fox News,15.3863
2022-03-12,Fox News,15.2089
2022-03-13,Fox News,14.8387
2022-03-14,Fox News,13.3213
2022-03-15,Fox News,17.0886
2022-03-16,Fox News,15.011
2022-03-17,Fox News,13.4215
2022-03-18,Fox News,12.4063
2022-03-19,Fox News,12.9858
2022-03-20,Fox News,14.5945
2022-03-21,Fox News,11.4202
2022-03-22,Fox News,7.583
2022-03-23,Fox News,7.9021
2022-03-24,Fox News,12.635
2022-03-25,Fox News,10.532
2022-03-26,Fox News,13.9369
2022-03-27,Fox News,12.0123
2022-03-28,Fox News,11.4785
2022-03-29,Fox News,7.8763
2022-03-30,Fox News,8.6184
2022-03-31,Fox News,7.4058
2022-04-01,Fox News,6.7448
2022-04-02,Fox News,11.5801
2022-04-03,Fox News,8.5849
2022-04-04,Fox News,8.833
2022-04-05,Fox News,6.6284
2022-04-06,Fox News,7.0083
2022-04-07,Fox News,4.6704
2022-04-08,Fox News,4.9747
2022-04-09,Fox News,7.7504
2022-04-10,Fox News,6.8639
2022-04-11,Fox News,5.2122
2022-04-12,Fox News,3.1403
2022-04-13,Fox News,3.0202
2022-04-14,Fox News,4.2068
2022-04-15,Fox News,4.4061
2022-04-16,Fox News,4.7385
2022-04-17,Fox News,5.1503
2022-04-18,Fox News,4.741
2022-04-19,Fox News,3.0255
2022-04-20,Fox News,2.8597
2022-04-21,Fox News,4.2073
2022-04-22,Fox News,4.0471
2022-04-23,Fox News,3.3666
2022-04-24,Fox News,3.6186
2022-04-25,Fox News,7.3838
2022-04-26,Fox News,4.0337
2022-04-27,Fox News,2.6734
2022-04-28,Fox News,4.0426
2022-04-29,Fox News,3.7045
2022-04-30,Fox News,2.3895
2022-05-01,Fox News,3.8187
2022-05-02,Fox News,3.2182
2022-05-03,Fox News,2.981
2022-05-04,Fox News,1.3193
2022-05-05,Fox News,1.7728
2022-05-06,Fox News,1.6923
2022-05-07,Fox News,1.8692
2022-05-08,Fox News,3.4563
2022-05-09,Fox News,5.0577
2022-05-10,Fox News,2.9821
2022-05-11,Fox News,2.7771
2022-05-12,Fox News,3.3267
2022-05-13,Fox News,2.4283
2022-05-14,Fox News,1.9375
2022-05-15,Fox News,2.1958
2022-05-16,Fox News,1.6816
2022-05-17,Fox News,0.9464
2022-05-18,Fox News,1.405
2022-05-19,Fox News,1.996
2022-05-20,Fox News,2.2661
2022-05-21,Fox News,1.823
2022-05-22,Fox News,1.9275
2022-05-23,Fox News,2.8833
2022-05-24,Fox News,1.4072
2022-05-25,Fox News,0.7641
2022-05-26,Fox News,0.7066
2022-05-27,Fox News,0.7697
2022-05-28,Fox News,0.9132
2022-05-29,Fox News,1.5129
2022-05-30,Fox News,2.5519
2022-05-31,Fox News,2.455
2022-06-01,Fox News,1.1014
2022-06-02,Fox News,1.0031
2022-06-03,Fox News,1.5968
2022-06-04,Fox News,2.2502
2022-06-05,Fox News,1.3948
2022-06-06,Fox News,1.7278
2022-06-07,Fox News,0.8114
2022-06-08,Fox News,0.421
2022-06-09,Fox News,1.0593
2022-06-10,Fox News,0.5639
2022-06-11,Fox News,1.7378
2022-06-12,Fox News,1.6859
2022-06-13,Fox News,0.49
2022-06-14,Fox News,1.0598
2022-06-15,Fox News,1.2726
2022-06-16,Fox News,1.196
2022-06-17,Fox News,2.0408
2022-06-18,Fox News,1.3848
2022-06-19,Fox News,2.5902
2022-06-20,Fox News,1.4031
2022-06-21,Fox News,0.5559
2022-06-22,Fox News,1.927
2022-06-23,Fox News,2.1484
2022-06-24,Fox News,0.2807
2022-06-25,Fox News,1.6226
2022-06-26,Fox News,2.1123
2022-06-27,Fox News,1.6647
2022-06-28,Fox News,0.9179
2022-06-29,Fox News,1.0288
2022-06-30,Fox News,2.1604
2022-07-01,Fox News,1.5923
2022-07-02,Fox News,1.8497
2022-07-03,Fox News,1.1098
2022-07-04,Fox News,0.999
2022-07-05,Fox News,0.7387
2022-07-06,Fox News,0.7761
2022-07-07,Fox News,1.6938
2022-07-08,Fox News,1.1177
2022-07-09,Fox News,1.2901
2022-07-10,Fox News,1.443
2022-07-11,Fox News,1.3036
2022-07-12,Fox News,0.7022
2022-07-13,Fox News,0.5363
2022-07-14,Fox News,2.0753
2022-07-15,Fox News,0.6146
2022-07-16,Fox News,1.1759
2022-07-17,Fox News,1.3167
2022-07-18,Fox News,1.0656
2022-07-19,Fox News,1.5956
2022-07-20,Fox News,1.0305
2022-07-21,Fox News,0.4612
2022-07-22,Fox News,0.5508
2022-07-23,Fox News,2.5287
2022-07-24,Fox News,1.772
2022-07-25,Fox News,1.5584
2022-07-26,Fox News,0.8897
2022-07-27,Fox News,1.0664
2022-07-28,Fox News,0.9945
2022-07-29,Fox News,1.3742
2022-07-30,Fox News,0.6322
2022-07-31,Fox News,1.0834
2022-08-01,Fox News,0.7522
2022-08-02,Fox News,0.9989
2022-08-03,Fox News,1.2287
2022-08-04,Fox News,1.2491
2022-08-05,Fox News,0.8078
2022-08-06,Fox News,1.0302
2022-08-07,Fox News,0.8679
2022-08-08,Fox News,0.9482
2022-08-09,Fox News,0.3572
2022-08-10,Fox News,0.404
2022-08-11,Fox News,0.3882
2022-08-12,Fox News,0.8383
2022-08-13,Fox News,0.6603
2022-08-14,Fox News,0.2412
2022-08-15,Fox News,0.5899
2022-08-16,Fox News,0.4754
2022-08-17,Fox News,0.2022
2022-08-18,Fox News,0.3809
2022-08-19,Fox News,0.932
2022-08-20,Fox News,1.3989
2022-08-21,Fox News,1.7094
2022-08-22,Fox News,0.9478
2022-08-23,Fox News,0.7555
2022-08-24,Fox News,1.2076
2022-08-25,Fox News,0.5896
2022-08-26,Fox News,0.3727
2022-08-27,Fox News,1.1369
2022-08-28,Fox News,1.025
2022-08-29,Fox News,1.2626
2022-08-30,Fox News,1.0398
2022-08-31,Fox News,0.8562
2022-09-01,Fox News,0.4744
2022-09-02,Fox News,0.2255
2022-09-03,Fox News,0.782
2022-09-04,Fox News,0.6675
2022-09-05,Fox News,0.8212
2022-09-06,Fox News,0.717
2022-09-07,Fox News,1.0148
2022-09-08,Fox News,0.13
2022-09-09,Fox News,0.4965
2022-09-10,Fox News,0.9971
2022-09-11,Fox News,0.5082
2022-09-12,Fox News,0.6031
2022-09-13,Fox News,0.6583
2022-09-14,Fox News,1.1476
2022-09-15,Fox News,0.9101
2022-09-16,Fox News,0.4443
2022-09-17,Fox News,0.6918
2022-09-18,Fox News,1.4929
2022-09-19,Fox News,0.2816
2022-09-20,Fox News,0.7495
2022-09-21,Fox News,3.5706
2022-09-22,Fox News,1.8864
2022-09-23,Fox News,2.295
2022-09-24,Fox News,2.2064
2022-09-25,Fox News,1.2806
2022-09-26,Fox News,1.2146
2022-09-27,Fox News,0.6194
2022-09-28,Fox News,0.6288
2022-09-29,Fox News,0.3504
2022-09-30,Fox News,1.2633
2022-10-01,Fox News,2.1043
2022-10-02,Fox News,2.1997
2022-10-03,Fox News,1.6805
2022-10-04,Fox News,2.1699
2022-10-05,Fox News,0.7343
2022-10-06,Fox News,0.5567
2022-10-07,Fox News,1.5707
2022-10-08,Fox News,2.3914
2022-10-09,Fox News,1.7027
2022-10-10,Fox News,3.6086
2022-10-11,Fox News,3.8673
2022-10-12,Fox News,1.2554
2022-10-13,Fox News,0.7008
2022-10-14,Fox News,1.2321
2022-10-15,Fox News,1.6319
2022-10-16,Fox News,1.6901
2022-10-17,Fox News,1.6137
2022-10-18,Fox News,0.4784
2022-10-19,Fox News,1.8603
2022-10-20,Fox News,0.9709
2022-10-21,Fox News,1.171
2022-10-22,Fox News,1.4965
2022-10-23,Fox News,1.0324
2022-10-24,Fox News,1.0688
2022-10-25,Fox News,1.4002
2022-10-26,Fox News,0.2747
2022-10-27,Fox News,1.3134
2022-10-28,Fox News,0.5327
2022-10-29,Fox News,0.5809
2022-10-30,Fox News,0.6413
2022-10-31,Fox News,0.627
2022-11-01,Fox News,0.3596
2022-11-02,Fox News,0.4051
2022-11-03,Fox News,0.2724
2022-11-04,Fox News,0.4746
2022-11-05,Fox News,0.3113
2022-11-06,Fox News,0.0485
2022-11-07,Fox News,0.2773
2022-11-08,Fox News,0.1313
2022-11-09,Fox News,0.4053
2022-11-10,Fox News,0.5526
2022-11-11,Fox News,0.8953
2022-11-12,Fox News,0.8575
2022-11-13,Fox News,0.6544
2022-11-14,Fox News,1.6211
2022-11-15,Fox News,2.9719
2021-11-17,MSNBC,0
2021-11-18,MSNBC,0.1243
2021-11-19,MSNBC,0
2021-11-20,MSNBC,0.021
2021-11-21,MSNBC,0
2021-11-22,MSNBC,0
2021-11-23,MSNBC,0
2021-11-24,MSNBC,0.3076
2021-11-25,MSNBC,0
2021-11-26,MSNBC,0.1931
2021-11-27,MSNBC,0.3077
2021-11-28,MSNBC,0.0435
2021-11-29,MSNBC,0.0647
2021-11-30,MSNBC,0.0841
2021-12-01,MSNBC,0.3601
2021-12-02,MSNBC,0.2141
2021-12-03,MSNBC,0.6432
2021-12-04,MSNBC,0.3838
2021-12-05,MSNBC,0.6816
2021-12-06,MSNBC,1.3924
2021-12-07,MSNBC,4.409
2021-12-08,MSNBC,4.0745
2021-12-09,MSNBC,1.6601
2021-12-10,MSNBC,0.1665
2021-12-11,MSNBC,0.4976
2021-12-12,MSNBC,0.3292
2021-12-13,MSNBC,0.9592
2021-12-14,MSNBC,0.2261
2021-12-15,MSNBC,0.1629
2021-12-16,MSNBC,0.2073
2021-12-17,MSNBC,0.0204
2021-12-18,MSNBC,0.4185
2021-12-19,MSNBC,0
2021-12-20,MSNBC,0.1471
2021-12-21,MSNBC,0.6817
2021-12-22,MSNBC,0.404
2021-12-23,MSNBC,0.5803
2021-12-24,MSNBC,0.2406
2021-12-25,MSNBC,0
2021-12-26,MSNBC,0.0235
2021-12-27,MSNBC,0.2459
2021-12-28,MSNBC,0.3935
2021-12-29,MSNBC,0.2612
2021-12-30,MSNBC,3.4638
2021-12-31,MSNBC,2.5472
2022-01-01,MSNBC,0.7378
2022-01-02,MSNBC,0.9485
2022-01-03,MSNBC,0.8054
2022-01-04,MSNBC,0.4935
2022-01-05,MSNBC,0
2022-01-06,MSNBC,0
2022-01-07,MSNBC,0.3183
2022-01-08,MSNBC,0.2384
2022-01-09,MSNBC,1.2003
2022-01-10,MSNBC,2.6225
2022-01-11,MSNBC,1.4165
2022-01-12,MSNBC,0.2926
2022-01-13,MSNBC,0.5456
2022-01-14,MSNBC,0.4727
2022-01-15,MSNBC,0.9324
2022-01-16,MSNBC,0.1898
2022-01-17,MSNBC,1.2788
2022-01-18,MSNBC,0.5532
2022-01-19,MSNBC,3.2144
2022-01-20,MSNBC,4.4908
2022-01-21,MSNBC,4.1542
2022-01-22,MSNBC,3.3615
2022-01-23,MSNBC,3.8521
2022-01-24,MSNBC,6.1509
2022-01-25,MSNBC,5.7777
2022-01-26,MSNBC,4.6586
2022-01-27,MSNBC,3.1983
2022-01-28,MSNBC,4.5564
2022-01-29,MSNBC,5.2383
2022-01-30,MSNBC,3.657
2022-01-31,MSNBC,5.272
2022-02-01,MSNBC,3.2616
2022-02-02,MSNBC,4.1087
2022-02-03,MSNBC,3.512
2022-02-04,MSNBC,3.6027
2022-02-05,MSNBC,1.7379
2022-02-06,MSNBC,3.0221
2022-02-07,MSNBC,4.283
2022-02-08,MSNBC,4.4823
2022-02-09,MSNBC,2.7991
2022-02-10,MSNBC,3.4784
2022-02-11,MSNBC,4.5908
2022-02-12,MSNBC,3.6549
2022-02-13,MSNBC,4.4552
2022-02-14,MSNBC,6.8294
2022-02-15,MSNBC,7.7348
2022-02-16,MSNBC,7.781
2022-02-17,MSNBC,6.202
2022-02-18,MSNBC,8.0248
2022-02-19,MSNBC,9.7928
2022-02-20,MSNBC,4.7639
2022-02-21,MSNBC,9.5896
2022-02-22,MSNBC,19.9876
2022-02-23,MSNBC,13.5717
2022-02-24,MSNBC,19.6877
2022-02-25,MSNBC,15.8149
2022-02-26,MSNBC,19.1908
2022-02-27,MSNBC,18.0104
2022-02-28,MSNBC,16.396
2022-03-01,MSNBC,16.8092
2022-03-02,MSNBC,14.8333
2022-03-03,MSNBC,14.2606
2022-03-04,MSNBC,18.0069
2022-03-05,MSNBC,19.386
2022-03-06,MSNBC,19.793
2022-03-07,MSNBC,15.4339
2022-03-08,MSNBC,16.0989
2022-03-09,MSNBC,16.9827
2022-03-10,MSNBC,18.9369
2022-03-11,MSNBC,17.1357
2022-03-12,MSNBC,16.7205
2022-03-13,MSNBC,18.66
2022-03-14,MSNBC,17.2183
2022-03-15,MSNBC,15.1711
2022-03-16,MSNBC,17.0433
2022-03-17,MSNBC,16.1081
2022-03-18,MSNBC,15.2758
2022-03-19,MSNBC,14.7447
2022-03-20,MSNBC,17.5047
2022-03-21,MSNBC,13.3857
2022-03-22,MSNBC,7.3424
2022-03-23,MSNBC,8.6175
2022-03-24,MSNBC,13.0023
2022-03-25,MSNBC,11.6129
2022-03-26,MSNBC,13.8283
2022-03-27,MSNBC,13.8694
2022-03-28,MSNBC,11.7635
2022-03-29,MSNBC,9.7561
2022-03-30,MSNBC,9.99
2022-03-31,MSNBC,10.0427
2022-04-01,MSNBC,9.5037
2022-04-02,MSNBC,10.6007
2022-04-03,MSNBC,8.3909
2022-04-04,MSNBC,9.8203
2022-04-05,MSNBC,9.2988
2022-04-06,MSNBC,9.0712
2022-04-07,MSNBC,9.1942
2022-04-08,MSNBC,8.6545
2022-04-09,MSNBC,7.1659
2022-04-10,MSNBC,8.6283
2022-04-11,MSNBC,8.0179
2022-04-12,MSNBC,5.2012
2022-04-13,MSNBC,7.8671
2022-04-14,MSNBC,8.0139
2022-04-15,MSNBC,8.7341
2022-04-16,MSNBC,7.0477
2022-04-17,MSNBC,7.5341
2022-04-18,MSNBC,7.8831
2022-04-19,MSNBC,9.1821
2022-04-20,MSNBC,8.7106
2022-04-21,MSNBC,9.2249
2022-04-22,MSNBC,5.9222
2022-04-23,MSNBC,7.3019
2022-04-24,MSNBC,6.4502
2022-04-25,MSNBC,8.4202
2022-04-26,MSNBC,7.8685
2022-04-27,MSNBC,7.0004
2022-04-28,MSNBC,7.7024
2022-04-29,MSNBC,7.5774
2022-04-30,MSNBC,6.0547
2022-05-01,MSNBC,7.5978
2022-05-02,MSNBC,6.6737
2022-05-03,MSNBC,2.2718
2022-05-04,MSNBC,2.6399
2022-05-05,MSNBC,4.1597
2022-05-06,MSNBC,5.8292
2022-05-07,MSNBC,5.1025
2022-05-08,MSNBC,5.0748
2022-05-09,MSNBC,6.397
2022-05-10,MSNBC,7.8566
2022-05-11,MSNBC,3.8217
2022-05-12,MSNBC,4.3033
2022-05-13,MSNBC,3.99
2022-05-14,MSNBC,2.3337
2022-05-15,MSNBC,1.8375
2022-05-16,MSNBC,1.6772
2022-05-17,MSNBC,2.5257
2022-05-18,MSNBC,1.8771
2022-05-19,MSNBC,3.8878
2022-05-20,MSNBC,4.3506
2022-05-21,MSNBC,2.0155
2022-05-22,MSNBC,3.0403
2022-05-23,MSNBC,4.0484
2022-05-24,MSNBC,2.5
2022-05-25,MSNBC,0.2054
2022-05-26,MSNBC,0.3142
2022-05-27,MSNBC,0.232
2022-05-28,MSNBC,0.4403
2022-05-29,MSNBC,0.5721
2022-05-30,MSNBC,1.4743
2022-05-31,MSNBC,3.0829
2022-06-01,MSNBC,4.0302
2022-06-02,MSNBC,3.3298
2022-06-03,MSNBC,2.7382
2022-06-04,MSNBC,3.1753
2022-06-05,MSNBC,1.533
2022-06-06,MSNBC,1.5298
2022-06-07,MSNBC,3.7414
2022-06-08,MSNBC,0.3514
2022-06-09,MSNBC,0.4374
2022-06-10,MSNBC,0.4452
2022-06-11,MSNBC,0.7523
2022-06-12,MSNBC,0.5412
2022-06-13,MSNBC,0.7193
2022-06-14,MSNBC,0.7699
2022-06-15,MSNBC,1.6468
2022-06-16,MSNBC,1.289
2022-06-17,MSNBC,2.0025
2022-06-18,MSNBC,1.2928
2022-06-19,MSNBC,0.8153
2022-06-20,MSNBC,2.1584
2022-06-21,MSNBC,1.5948
2022-06-22,MSNBC,0.5682
2022-06-23,MSNBC,0.9389
2022-06-24,MSNBC,0.1856
2022-06-25,MSNBC,0.2098
2022-06-26,MSNBC,0.9526
2022-06-27,MSNBC,2.2369
2022-06-28,MSNBC,1.7846
2022-06-29,MSNBC,1.3499
2022-06-30,MSNBC,2.4013
2022-07-01,MSNBC,2.8122
2022-07-02,MSNBC,1.5343
2022-07-03,MSNBC,0.7097
2022-07-04,MSNBC,1.5378
2022-07-05,MSNBC,0.5678
2022-07-06,MSNBC,0.4355
2022-07-07,MSNBC,1.622
2022-07-08,MSNBC,1.4434
2022-07-09,MSNBC,0.4677
2022-07-10,MSNBC,0.6426
2022-07-11,MSNBC,0.8917
2022-07-12,MSNBC,0.5706
2022-07-13,MSNBC,0.5466
2022-07-14,MSNBC,1.1179
2022-07-15,MSNBC,1.4363
2022-07-16,MSNBC,1.7884
2022-07-17,MSNBC,0.5236
2022-07-18,MSNBC,0.8105
2022-07-19,MSNBC,1.723
2022-07-20,MSNBC,2.3666
2022-07-21,MSNBC,0.9438
2022-07-22,MSNBC,0.0856
2022-07-23,MSNBC,0.6914
2022-07-24,MSNBC,1.1942
2022-07-25,MSNBC,1.1356
2022-07-26,MSNBC,1.5794
2022-07-27,MSNBC,0.664
2022-07-28,MSNBC,1.767
2022-07-29,MSNBC,1.2248
2022-07-30,MSNBC,0.6832
2022-07-31,MSNBC,0.4444
2022-08-01,MSNBC,1.1
2022-08-02,MSNBC,0.5703
2022-08-03,MSNBC,0.5499
2022-08-04,MSNBC,0.837
2022-08-05,MSNBC,1.1785
2022-08-06,MSNBC,1.0084
2022-08-07,MSNBC,0.3758
2022-08-08,MSNBC,1.1537
2022-08-09,MSNBC,0.1882
2022-08-10,MSNBC,0.7708
2022-08-11,MSNBC,1.4662
2022-08-12,MSNBC,0.5058
2022-08-13,MSNBC,0.503
2022-08-14,MSNBC,0.2953
2022-08-15,MSNBC,0.2292
2022-08-16,MSNBC,0.6022
2022-08-17,MSNBC,0.3373
2022-08-18,MSNBC,1.0335
2022-08-19,MSNBC,1.7533
2022-08-20,MSNBC,1.7364
2022-08-21,MSNBC,1.4028
2022-08-22,MSNBC,2.499
2022-08-23,MSNBC,1.0817
2022-08-24,MSNBC,1.9198
2022-08-25,MSNBC,2.1538
2022-08-26,MSNBC,0.9328
2022-08-27,MSNBC,0.5535
2022-08-28,MSNBC,0.6594
2022-08-29,MSNBC,1.6015
2022-08-30,MSNBC,1.8997
2022-08-31,MSNBC,1.0461
2022-09-01,MSNBC,1.3158
2022-09-02,MSNBC,0.9755
2022-09-03,MSNBC,0.1871
2022-09-04,MSNBC,0.2253
2022-09-05,MSNBC,0.9769
2022-09-06,MSNBC,1.3836
2022-09-07,MSNBC,1.168
2022-09-08,MSNBC,0.4642
2022-09-09,MSNBC,0.303
2022-09-10,MSNBC,0.6259
2022-09-11,MSNBC,1.2424
2022-09-12,MSNBC,3.3995
2022-09-13,MSNBC,3.206
2022-09-14,MSNBC,1.2425
2022-09-15,MSNBC,2.6063
2022-09-16,MSNBC,1.5467
2022-09-17,MSNBC,1.9263
2022-09-18,MSNBC,1.2046
2022-09-19,MSNBC,0.9468
2022-09-20,MSNBC,2.6678
2022-09-21,MSNBC,3.5265
2022-09-22,MSNBC,3.2358
2022-09-23,MSNBC,3.1603
2022-09-24,MSNBC,1.5886
2022-09-25,MSNBC,1.2129
2022-09-26,MSNBC,2.6344
2022-09-27,MSNBC,1.3769
2022-09-28,MSNBC,1.0529
2022-09-29,MSNBC,0.0905
2022-09-30,MSNBC,1.838
2022-10-01,MSNBC,2.6491
2022-10-02,MSNBC,1.8201
2022-10-03,MSNBC,1.8549
2022-10-04,MSNBC,1.4555
2022-10-05,MSNBC,2.1781
2022-10-06,MSNBC,1.2269
2022-10-07,MSNBC,3.1039
2022-10-08,MSNBC,1.832
2022-10-09,MSNBC,1.1642
2022-10-10,MSNBC,3.8865
2022-10-11,MSNBC,4.531
2022-10-12,MSNBC,2.7935
2022-10-13,MSNBC,0.6682
2022-10-14,MSNBC,0.8095
2022-10-15,MSNBC,0.8988
2022-10-16,MSNBC,0.4994
2022-10-17,MSNBC,1.3929
2022-10-18,MSNBC,1.5209
2022-10-19,MSNBC,2.2974
2022-10-20,MSNBC,2.583
2022-10-21,MSNBC,1.6827
2022-10-22,MSNBC,0.8503
2022-10-23,MSNBC,0.9893
2022-10-24,MSNBC,1.091
2022-10-25,MSNBC,2.2282
2022-10-26,MSNBC,1.0596
2022-10-27,MSNBC,1.5788
2022-10-28,MSNBC,0.4761
2022-10-29,MSNBC,0.2066
2022-10-30,MSNBC,0.4617
2022-10-31,MSNBC,0.4118
2022-11-01,MSNBC,0.8825
2022-11-02,MSNBC,1.4038
2022-11-03,MSNBC,0.9802
2022-11-04,MSNBC,0.6886
2022-11-05,MSNBC,0.6144
2022-11-06,MSNBC,0.2962
2022-11-07,MSNBC,0.5004
2022-11-08,MSNBC,0.4006
2022-11-09,MSNBC,0.3389
2022-11-10,MSNBC,0.4487
2022-11-11,MSNBC,0.9512
2022-11-12,MSNBC,0.6557
2022-11-13,MSNBC,0.2219
2022-11-14,MSNBC,1.1263
2022-11-15,MSNBC,2.5513
2021-11-17,Russia Today,0.291
2021-11-18,Russia Today,0.7301
2021-11-19,Russia Today,1.9833
2021-11-20,Russia Today,1.6107
2021-11-21,Russia Today,0.6986
2021-11-22,Russia Today,1.4143
2021-11-23,Russia Today,0.2898
2021-11-24,Russia Today,0
2021-11-25,Russia Today,0
2021-11-26,Russia Today,0.4265
2021-11-27,Russia Today,0.2539
2021-11-28,Russia Today,0.1381
2021-11-29,Russia Today,3.8514
2021-11-30,Russia Today,3.3064
2021-12-01,Russia Today,2.3489
2021-12-02,Russia Today,1.9327
2021-12-03,Russia Today,4.3326
2021-12-04,Russia Today,1.5343
2021-12-05,Russia Today,0.9466
2021-12-06,Russia Today,4.3427
2021-12-07,Russia Today,4.894
2021-12-08,Russia Today,3.917
2021-12-09,Russia Today,2.7702
2021-12-10,Russia Today,6.2792
2021-12-11,Russia Today,5.7811
2021-12-12,Russia Today,3.8992
2021-12-13,Russia Today,3.74
2021-12-14,Russia Today,3.0952
2021-12-15,Russia Today,0.8366
2021-12-16,Russia Today,2.7684
2021-12-17,Russia Today,3.3353
2021-12-18,Russia Today,0.6209
2021-12-19,Russia Today,2.8155
2021-12-20,Russia Today,4.0266
2021-12-21,Russia Today,2.698
2021-12-22,Russia Today,3.2558
2021-12-23,Russia Today,3.063
2021-12-24,Russia Today,2.6975
2021-12-25,Russia Today,1.1297
2021-12-26,Russia Today,2.4005
2021-12-27,Russia Today,4.0308
2021-12-28,Russia Today,1.3997
2021-12-29,Russia Today,0.3102
2021-12-30,Russia Today,0.3097
2021-12-31,Russia Today,3.7138
2022-01-01,Russia Today,0.785
2022-01-02,Russia Today,0.137
2022-01-03,Russia Today,0.1961
2022-01-04,Russia Today,0.1942
2022-01-05,Russia Today,0.098
2022-01-06,Russia Today,0
2022-01-07,Russia Today,0.7774
2022-01-08,Russia Today,0.2552
2022-01-09,Russia Today,1.3363
2022-01-10,Russia Today,4.4794
2022-01-11,Russia Today,2.1547
2022-01-12,Russia Today,5.9042
2022-01-13,Russia Today,2.4812
2022-01-14,Russia Today,4.2134
2022-01-15,Russia Today,6.4367
2022-01-16,Russia Today,5.7876
2022-01-17,Russia Today,3.7337
2022-01-18,Russia Today,1.6244
2022-01-19,Russia Today,4.8097
2022-01-20,Russia Today,5.3372
2022-01-21,Russia Today,7.9761
2022-01-22,Russia Today,8.4047
2022-01-23,Russia Today,9.711
2022-01-24,Russia Today,9.2172
2022-01-25,Russia Today,6.3755
2022-01-26,Russia Today,9.7693
2022-01-27,Russia Today,8.7443
2022-01-28,Russia Today,7.7383
2022-01-29,Russia Today,8.9833
2022-01-30,Russia Today,6.2611
2022-01-31,Russia Today,7.8958
2022-02-01,Russia Today,9.5117
2022-02-02,Russia Today,7.8177
2022-02-03,Russia Today,2.1008
2022-02-04,Russia Today,5.3359
2022-02-05,Russia Today,5.6411
2022-02-06,Russia Today,5.4305
2022-02-07,Russia Today,8.2314
2022-02-08,Russia Today,6.1949
2022-02-09,Russia Today,4.9576
2022-02-10,Russia Today,5.4981
2022-02-11,Russia Today,6.1709
2022-02-12,Russia Today,9.1865
2022-02-13,Russia Today,5.1755
2022-02-14,Russia Today,9.6343
2022-02-15,Russia Today,9.417
2022-02-16,Russia Today,10.9123
2022-02-17,Russia Today,9.0962
2022-02-18,Russia Today,11.0314
2022-02-19,Russia Today,9.495
2022-02-20,Russia Today,6.4774
2022-02-21,Russia Today,13.4043
2022-02-22,Russia Today,15.7905
2022-02-23,Russia Today,10.728
2022-02-24,Russia Today,16.3608
2022-02-25,Russia Today,18.9173
2022-02-26,Russia Today,18.8058
2022-02-27,Russia Today,20.8946
2022-02-28,Russia Today,17.02
2022-03-01,Russia Today,13.2561
2022-03-02,Russia Today,16.0484
2022-03-03,Russia Today,15.0052
2022-03-04,Russia Today,13.2883
2022-03-05,Russia Today,15.6794
2022-03-06,Russia Today,12.233
2022-03-07,Russia Today,13.8065
2022-03-08,Russia Today,9.2729
2022-03-09,Russia Today,17.2894
2022-03-10,Russia Today,13.4472
2022-03-11,Russia Today,15.5892
2022-03-12,Russia Today,14
2022-03-13,Russia Today,15
2022-03-14,Russia Today,13
2022-03-15,Russia Today,12
2022-03-16,Russia Today,14
2022-03-17,Russia Today,15
2022-03-18,Russia Today,12.6773
2022-03-19,Russia Today,16.8808
2022-03-20,Russia Today,12.9833
2022-03-21,Russia Today,11.6221
2022-03-22,Russia Today,15.5104
2022-03-23,Russia Today,8.3467
2022-03-24,Russia Today,7.6808
2022-03-25,Russia Today,11.6222
2022-03-26,Russia Today,11.742
2022-03-27,Russia Today,11.9397
2022-03-28,Russia Today,11.7518
2022-03-29,Russia Today,9.7087
2022-03-30,Russia Today,11.2022
2022-03-31,Russia Today,9.7616
2022-04-01,Russia Today,10.3843
2022-04-02,Russia Today,8.7716
2022-04-03,Russia Today,8.2819
2022-04-04,Russia Today,10.6236
2022-04-05,Russia Today,9.1762
2022-04-06,Russia Today,12.8689
2022-04-07,Russia Today,10.874
2022-04-08,Russia Today,10.5433
2022-04-09,Russia Today,8.3962
2022-04-10,Russia Today,7.633
2022-04-11,Russia Today,8.277
2022-04-12,Russia Today,10.7311
2022-04-13,Russia Today,7.6472
2022-04-14,Russia Today,8.4501
2022-04-15,Russia Today,13.6585
2022-04-16,Russia Today,8.9078
2022-04-17,Russia Today,7.1473
2022-04-18,Russia Today,12.4516
2022-04-19,Russia Today,12.3746
2022-04-20,Russia Today,8.5068
2022-04-21,Russia Today,4.1832
2022-04-22,Russia Today,11.7578
2022-04-23,Russia Today,12.3934
2022-04-24,Russia Today,5.545
2022-04-25,Russia Today,8.0506
2022-04-26,Russia Today,16.4821
2022-04-27,Russia Today,16.094
2022-04-28,Russia Today,10.1629
2022-04-29,Russia Today,10.455
2022-04-30,Russia Today,8.9374
2022-05-01,Russia Today,12.8278
2022-05-02,Russia Today,11.9612
2022-05-03,Russia Today,10.7551
2022-05-04,Russia Today,14.874
2022-05-05,Russia Today,8.1337
2022-05-06,Russia Today,11.7386
2022-05-07,Russia Today,5.2326
2022-05-08,Russia Today,8.8218
2022-05-09,Russia Today,9.9077
2022-05-10,Russia Today,11.7011
2022-05-11,Russia Today,11.7611
2022-05-12,Russia Today,10.4629
2022-05-13,Russia Today,13.4731
2022-05-14,Russia Today,5.6996
2022-05-15,Russia Today,9.6347
2022-05-16,Russia Today,6.4806
2022-05-17,Russia Today,7.0221
2022-05-18,Russia Today,8.0748
2022-05-19,Russia Today,8.8434
2022-05-20,Russia Today,11.0173
2022-05-21,Russia Today,8.8412
2022-05-22,Russia Today,12.6328
2022-05-23,Russia Today,9.2054
2022-05-24,Russia Today,9.7997
2022-05-25,Russia Today,9.5754
2022-05-26,Russia Today,7.5886
2022-05-27,Russia Today,8.8944
2022-05-28,Russia Today,8.1937
2022-05-29,Russia Today,5.3219
2022-05-30,Russia Today,6.4173
2022-05-31,Russia Today,6.1714
2022-06-01,Russia Today,8.4626
2022-06-02,Russia Today,11.3749
2022-06-03,Russia Today,8.0451
2022-06-04,Russia Today,8.0296
2022-06-05,Russia Today,13.6172
2022-06-06,Russia Today,13.9577
2022-06-07,Russia Today,8.709
2022-06-08,Russia Today,6.4932
2022-06-09,Russia Today,6.7109
2022-06-10,Russia Today,9.3478
2022-06-11,Russia Today,9.2522
2022-06-12,Russia Today,6.487
2022-06-13,Russia Today,7.6797
2022-06-14,Russia Today,11.1333
2022-06-15,Russia Today,10.5356
2022-06-16,Russia Today,6.8838
2022-06-17,Russia Today,10.3859
2022-06-18,Russia Today,8.2004
2022-06-19,Russia Today,8.0804
2022-06-20,Russia Today,9.4935
2022-06-21,Russia Today,6.1402
2022-06-22,Russia Today,4.8481
2022-06-23,Russia Today,8.1612
2022-06-24,Russia Today,9.818
2022-06-25,Russia Today,4.1807
2022-06-26,Russia Today,9.4195
2022-06-27,Russia Today,5.8517
2022-06-28,Russia Today,6.7427
2022-06-29,Russia Today,7.2076
2022-06-30,Russia Today,7.1575
2022-07-01,Russia Today,13.4347
2022-07-02,Russia Today,5.5128
2022-07-03,Russia Today,6.0193
2022-07-04,Russia Today,4.6507
2022-07-05,Russia Today,3.5991
2022-07-06,Russia Today,6.2588
2022-07-07,Russia Today,3.9759
2022-07-08,Russia Today,4.304
2022-07-09,Russia Today,6.1667
2022-07-10,Russia Today,8.3867
2022-07-11,Russia Today,7.2464
2022-07-12,Russia Today,8.2718
2022-07-13,Russia Today,7.9675
2022-07-14,Russia Today,6.0726
2022-07-15,Russia Today,6.5213
2022-07-16,Russia Today,7.4316
2022-07-17,Russia Today,5.6791
2022-07-18,Russia Today,5.8448
2022-07-19,Russia Today,8.9057
2022-07-20,Russia Today,4.2544
2022-07-21,Russia Today,6.4649
2022-07-22,Russia Today,8.2796
2022-07-23,Russia Today,8.7377
2022-07-24,Russia Today,5.5422
2022-07-25,Russia Today,4.5149
2022-07-26,Russia Today,5.9558
2022-07-27,Russia Today,7.3321
2022-07-28,Russia Today,5.3966
2022-07-29,Russia Today,9.0563
2022-07-30,Russia Today,7.9976
2022-07-31,Russia Today,6.3834
2022-08-01,Russia Today,5.9421
2022-08-02,Russia Today,3.3508
2022-08-03,Russia Today,7.6556
2022-08-04,Russia Today,5.6484
2022-08-05,Russia Today,5.8847
2022-08-06,Russia Today,4.4865
2022-08-07,Russia Today,4.7374
2022-08-08,Russia Today,7.9077
2022-08-09,Russia Today,6.8792
2022-08-10,Russia Today,7.7553
2022-08-11,Russia Today,7.137
2022-08-12,Russia Today,7.1585
2022-08-13,Russia Today,6.1164
2022-08-14,Russia Today,5.3731
2022-08-15,Russia Today,4.3981
2022-08-16,Russia Today,8.9552
2022-08-17,Russia Today,6.2276
2022-08-18,Russia Today,5.7883
2022-08-19,Russia Today,8.635
2022-08-20,Russia Today,8.1004
2022-08-21,Russia Today,6.7452
2022-08-22,Russia Today,5.6543
2022-08-23,Russia Today,6.2887
2022-08-24,Russia Today,6.1605
2022-08-25,Russia Today,6.1489
2022-08-26,Russia Today,5.4414
2022-08-27,Russia Today,6.6343
2022-08-28,Russia Today,4.0931
2022-08-29,Russia Today,5.7281
2022-08-30,Russia Today,5.4956
2022-08-31,Russia Today,3.6653
2022-09-01,Russia Today,6.2512
2022-09-02,Russia Today,3.4941
2022-09-03,Russia Today,3.4034
2022-09-04,Russia Today,2.3242
2022-09-05,Russia Today,4.7439
2022-09-06,Russia Today,4.1558
2022-09-07,Russia Today,7.1937
2022-09-08,Russia Today,6.8888
2022-09-09,Russia Today,5.9211
2022-09-10,Russia Today,8.8695
2022-09-11,Russia Today,7.6243
2022-09-12,Russia Today,7.8455
2022-09-13,Russia Today,8.9326
2022-09-14,Russia Today,11.3099
2022-09-15,Russia Today,5.9143
2022-09-16,Russia Today,7.7695
2022-09-17,Russia Today,6.4414
2022-09-18,Russia Today,10.0315
2022-09-19,Russia Today,6.7258
2022-09-20,Russia Today,5.7719
2022-09-21,Russia Today,8.5169
2022-09-22,Russia Today,5.2578
2022-09-23,Russia Today,7.5727
2022-09-24,Russia Today,5.6716
2022-09-25,Russia Today,5.3867
2022-09-26,Russia Today,7.1862
2022-09-27,Russia Today,9.5324
2022-09-28,Russia Today,9.143
2022-09-29,Russia Today,6.4392
2022-09-30,Russia Today,10.6669
2022-10-01,Russia Today,10.3995
2022-10-02,Russia Today,6.0336
2022-10-03,Russia Today,5.4855
2022-10-04,Russia Today,5.7366
2022-10-05,Russia Today,8.4632
2022-10-06,Russia Today,6.1029
2022-10-07,Russia Today,5.4277
2022-10-08,Russia Today,7.1737
2022-10-09,Russia Today,6.7911
2022-10-10,Russia Today,13.7447
2022-10-11,Russia Today,9.6509
2022-10-12,Russia Today,7.7612
2022-10-13,Russia Today,6.4082
2022-10-14,Russia Today,8.9612
2022-10-15,Russia Today,7.0818
2022-10-16,Russia Today,7.1598
2022-10-17,Russia Today,4.6348
2022-10-18,Russia Today,5.0465
2022-10-19,Russia Today,7.5333
2022-10-20,Russia Today,6.6494
2022-10-21,Russia Today,11.4325
2022-10-22,Russia Today,7.5092
2022-10-23,Russia Today,6.672
2022-10-24,Russia Today,7.4557
2022-10-25,Russia Today,12.0583
2022-10-26,Russia Today,12.9816
2022-10-27,Russia Today,4.1525
2022-10-28,Russia Today,11.7317
2022-10-29,Russia Today,8.5315
2022-10-30,Russia Today,6.5609
2022-10-31,Russia Today,5.8985
2022-11-01,Russia Today,4.0305
2022-11-02,Russia Today,7.2389
2022-11-03,Russia Today,8.0126
2022-11-04,Russia Today,3.9823
2022-11-05,Russia Today,6.7905
2022-11-06,Russia Today,7.4483
2022-11-07,Russia Today,7.9374
2022-11-08,Russia Today,6.1053
2022-11-09,Russia Today,7.0254
2022-11-10,Russia Today,4.7817
2022-11-11,Russia Today,4.5517
2022-11-12,Russia Today,6.3059
2022-11-13,Russia Today,2.5125
2022-11-14,Russia Today,7.5934
2022-11-15,Russia Today,10.2634