Date,Keyword,Percentage of articles about keyword
2022-01-01,NATO,46.64%
2022-01-02,NATO,41.15%
2022-01-03,NATO,27.00%
2022-01-04,NATO,29.93%
2022-01-05,NATO,26.89%
2022-01-06,NATO,22.99%
2022-01-07,NATO,38.43%
2022-01-08,NATO,36.27%
2022-01-09,NATO,49.44%
2022-01-10,NATO,54.71%
2022-01-11,NATO,50.57%
2022-01-12,NATO,64.24%
2022-01-13,NATO,47.42%
2022-01-14,NATO,32.67%
2022-01-15,NATO,26.49%
2022-01-16,NATO,17.25%
2022-01-17,NATO,24.64%
2022-01-18,NATO,31.80%
2022-01-19,NATO,31.25%
2022-01-20,NATO,29.43%
2022-01-21,NATO,27.62%
2022-01-22,NATO,30.92%
2022-01-23,NATO,22.24%
2022-01-24,NATO,31.63%
2022-01-25,NATO,38.99%
2022-01-26,NATO,30.67%
2022-01-27,NATO,36.75%
2022-01-28,NATO,29.15%
2022-01-29,NATO,34.50%
2022-01-30,NATO,39.22%
2022-01-31,NATO,25.72%
2022-02-01,NATO,26.92%
2022-02-02,NATO,37.83%
2022-02-03,NATO,41.17%
2022-02-04,NATO,30.74%
2022-02-05,NATO,47.96%
2022-02-06,NATO,33.53%
2022-02-07,NATO,28.01%
2022-02-08,NATO,37.08%
2022-02-09,NATO,26.58%
2022-02-10,NATO,33.48%
2022-02-11,NATO,30.60%
2022-02-12,NATO,30.16%
2022-02-13,NATO,19.59%
2022-02-14,NATO,30.01%
2022-02-15,NATO,21.41%
2022-02-16,NATO,34.06%
2022-02-17,NATO,26.44%
2022-02-18,NATO,21.70%
2022-02-19,NATO,12.96%
2022-02-20,NATO,19.24%
2022-02-21,NATO,11.84%
2022-02-22,NATO,13.13%
2022-02-23,NATO,15.57%
2022-02-24,NATO,15.24%
2022-02-25,NATO,13.69%
2022-02-26,NATO,10.62%
2022-02-27,NATO,8.35%
2022-02-28,NATO,6.51%
2022-03-01,NATO,8.74%
2022-03-02,NATO,7.41%
2022-03-03,NATO,6.37%
2022-03-04,NATO,8.95%
2022-03-05,NATO,16.23%
2022-03-06,NATO,12.50%
2022-03-07,NATO,8.92%
2022-03-08,NATO,7.77%
2022-03-09,NATO,11.48%
2022-03-10,NATO,10.83%
2022-03-11,NATO,7.54%
2022-03-12,NATO,7.59%
2022-03-13,NATO,14.14%
2022-03-14,NATO,13.76%
2022-03-15,NATO,11.21%
2022-03-16,NATO,13.72%
2022-03-17,NATO,11.83%
2022-03-18,NATO,8.98%
2022-03-19,NATO,10.67%
2022-03-20,NATO,8.07%
2022-03-21,NATO,10.43%
2022-03-22,NATO,11.20%
2022-03-23,NATO,15.30%
2022-03-24,NATO,25.91%
2022-03-25,NATO,17.26%
2022-03-26,NATO,15.41%
2022-03-27,NATO,11.13%
2022-03-28,NATO,9.93%
2022-03-29,NATO,9.90%
2022-03-30,NATO,8.24%
2022-03-31,NATO,7.51%
2022-04-01,NATO,6.09%
2022-04-02,NATO,6.87%
2022-04-03,NATO,6.26%
2022-04-04,NATO,9.01%
2022-04-05,NATO,7.33%
2022-04-06,NATO,6.91%
2022-04-07,NATO,11.20%
2022-04-08,NATO,13.12%
2022-04-09,NATO,9.03%
2022-04-10,NATO,7.60%
2022-04-11,NATO,7.36%
2022-04-12,NATO,5.99%
2022-04-13,NATO,10.26%
2022-04-14,NATO,11.28%
2022-04-15,NATO,6.65%
2022-04-16,NATO,5.21%
2022-04-17,NATO,3.69%
2022-04-18,NATO,5.13%
2022-04-19,NATO,7.11%
2022-04-20,NATO,8.05%
2022-04-21,NATO,7.95%
2022-04-22,NATO,4.71%
2022-04-23,NATO,4.21%
2022-04-24,NATO,5.93%
2022-04-25,NATO,10.35%
2022-04-26,NATO,14.15%
2022-04-27,NATO,12.54%
2022-04-28,NATO,10.55%
2022-04-29,NATO,11.20%
2022-04-30,NATO,7.56%
2022-05-01,NATO,6.66%
2022-05-02,NATO,4.78%
2022-05-03,NATO,7.95%
2022-05-04,NATO,7.86%
2022-05-05,NATO,7.69%
2022-05-06,NATO,7.10%
2022-05-07,NATO,4.64%
2022-05-08,NATO,2.86%
2022-05-09,NATO,8.49%
2022-05-10,NATO,11.24%
2022-05-11,NATO,8.84%
2022-05-12,NATO,18.41%
2022-05-13,NATO,17.33%
2022-05-14,NATO,20.61%
2022-05-15,NATO,33.53%
2022-05-16,NATO,28.70%
2022-05-17,NATO,20.61%
2022-05-18,NATO,20.91%
2022-05-19,NATO,14.70%
2022-05-20,NATO,12.87%
2022-05-21,NATO,8.60%
2022-05-22,NATO,7.73%
2022-05-23,NATO,3.69%
2022-05-24,NATO,6.73%
2022-05-25,NATO,11.07%
2022-05-26,NATO,9.99%
2022-05-27,NATO,7.76%
2022-05-28,NATO,6.89%
2022-05-29,NATO,4.93%
2022-05-30,NATO,5.90%
2022-05-31,NATO,7.72%
2022-06-01,NATO,9.12%
2022-06-02,NATO,8.09%
2022-06-03,NATO,6.99%
2022-06-04,NATO,7.03%
2022-06-05,NATO,4.99%
2022-06-06,NATO,4.73%
2022-06-07,NATO,4.72%
2022-06-08,NATO,7.81%
2022-06-09,NATO,5.83%
2022-06-10,NATO,5.87%
2022-06-11,NATO,3.91%
2022-06-12,NATO,8.23%
2022-06-13,NATO,5.76%
2022-06-14,NATO,9.33%
2022-06-15,NATO,19.60%
2022-06-16,NATO,10.11%
2022-06-17,NATO,7.78%
2022-06-18,NATO,6.54%
2022-06-19,NATO,11.23%
2022-06-20,NATO,7.71%
2022-06-21,NATO,8.30%
2022-06-22,NATO,11.58%
2022-06-23,NATO,11.11%
2022-06-24,NATO,10.64%
2022-06-25,NATO,8.61%
2022-06-26,NATO,12.08%
2022-06-27,NATO,14.20%
2022-06-28,NATO,25.10%
2022-06-29,NATO,38.41%
2022-06-30,NATO,27.09%
2022-07-01,NATO,14.01%
2022-07-02,NATO,6.32%
2022-07-03,NATO,4.65%
2022-07-04,NATO,4.85%
2022-07-05,NATO,10.48%
2022-07-06,NATO,7.25%
2022-07-07,NATO,6.10%
2022-07-08,NATO,6.86%
2022-07-09,NATO,4.89%
2022-07-10,NATO,2.39%
2022-07-11,NATO,4.44%
2022-07-12,NATO,3.96%
2022-07-13,NATO,5.24%
2022-07-14,NATO,5.64%
2022-07-15,NATO,3.91%
2022-07-16,NATO,1.95%
2022-07-17,NATO,5.93%
2022-07-18,NATO,5.00%
2022-07-19,NATO,8.81%
2022-07-20,NATO,7.81%
2022-07-21,NATO,7.12%
2022-07-22,NATO,4.45%
2022-07-23,NATO,2.88%
2022-07-24,NATO,2.78%
2022-07-25,NATO,2.88%
2022-07-26,NATO,2.46%
2022-07-27,NATO,5.06%
2022-07-28,NATO,3.38%
2022-07-29,NATO,4.53%
2022-07-30,NATO,4.22%
2022-07-31,NATO,3.08%
2022-08-01,NATO,5.17%
2022-08-02,NATO,5.81%
2022-08-03,NATO,7.54%
2022-08-04,NATO,9.20%
2022-08-05,NATO,5.97%
2022-08-06,NATO,2.36%
2022-08-07,NATO,2.62%
2022-08-08,NATO,2.93%
2022-08-09,NATO,4.77%
2022-08-10,NATO,5.54%
2022-08-11,NATO,3.22%
2022-08-12,NATO,3.47%
2022-08-13,NATO,4.22%
2022-08-14,NATO,4.22%
2022-08-15,NATO,4.44%
2022-08-16,NATO,5.49%
2022-08-17,NATO,5.84%
2022-08-18,NATO,8.30%
2022-08-19,NATO,7.57%
2022-08-20,NATO,4.74%
2022-08-21,NATO,8.60%
2022-08-22,NATO,4.37%
2022-08-23,NATO,4.32%
2022-08-24,NATO,4.09%
2022-08-25,NATO,4.35%
2022-08-26,NATO,4.27%
2022-08-27,NATO,4.64%
2022-08-28,NATO,6.34%
2022-08-29,NATO,5.86%
2022-08-30,NATO,2.77%
2022-08-31,NATO,3.70%
2022-09-01,NATO,7.14%
2022-09-02,NATO,3.65%
2022-09-03,NATO,5.61%
2022-09-04,NATO,6.41%
2022-09-05,NATO,3.99%
2022-09-06,NATO,2.77%
2022-09-07,NATO,3.64%
2022-09-08,NATO,9.01%
2022-09-09,NATO,9.35%
2022-09-10,NATO,6.61%
2022-09-11,NATO,7.57%
2022-09-12,NATO,4.83%
2022-09-13,NATO,7.99%
2022-09-14,NATO,6.20%
2022-09-15,NATO,5.55%
2022-09-16,NATO,3.77%
2022-09-17,NATO,3.29%
2022-09-18,NATO,3.59%
2022-09-19,NATO,2.92%
2022-09-20,NATO,3.87%
2022-09-21,NATO,7.20%
2022-09-22,NATO,4.69%
2022-09-23,NATO,4.12%
2022-09-24,NATO,8.17%
2022-09-25,NATO,5.68%
2022-09-26,NATO,6.91%
2022-09-27,NATO,4.77%
2022-09-28,NATO,5.94%
2022-09-29,NATO,4.50%
2022-09-30,NATO,8.44%
2022-10-01,NATO,10.84%
2022-10-02,NATO,9.61%
2022-10-03,NATO,9.49%
2022-10-04,NATO,6.03%
2022-10-05,NATO,5.04%
2022-10-06,NATO,5.05%
2022-10-07,NATO,7.91%
2022-10-08,NATO,3.86%
2022-10-09,NATO,4.58%
2022-10-10,NATO,2.88%
2022-10-11,NATO,10.20%
2022-10-12,NATO,9.21%
2022-10-13,NATO,11.76%
2022-10-14,NATO,8.24%
2022-10-15,NATO,4.87%
2022-10-16,NATO,3.29%
2022-10-17,NATO,5.16%
2022-10-18,NATO,4.63%
2022-10-19,NATO,3.42%
2022-10-20,NATO,3.95%
2022-10-21,NATO,5.26%
2022-10-22,NATO,6.13%
2022-10-23,NATO,4.56%
2022-10-24,NATO,4.63%
2022-10-25,NATO,5.01%
2022-10-26,NATO,7.67%
2022-10-27,NATO,6.60%
2022-10-28,NATO,4.93%
2022-10-29,NATO,3.50%
2022-10-30,NATO,4.32%
2022-10-31,NATO,4.52%
2022-11-01,NATO,4.34%
2022-11-02,NATO,5.49%
2022-11-03,NATO,4.37%
2022-11-04,NATO,3.90%
2022-11-05,NATO,6.27%
2022-11-06,NATO,2.86%
2022-11-07,NATO,3.75%
2022-11-08,NATO,4.55%
2022-11-09,NATO,5.76%
2022-11-10,NATO,4.77%
2022-11-11,NATO,1.90%
2022-11-12,NATO,2.79%
2022-11-13,NATO,2.76%
2022-11-14,NATO,2.44%
2022-11-15,NATO,7.55%
2022-11-16,NATO,31.26%
2022-01-01,refugee,0.00%
2022-01-02,refugee,0.18%
2022-01-03,refugee,0.18%
2022-01-04,refugee,0.12%
2022-01-05,refugee,0.05%
2022-01-06,refugee,0.06%
2022-01-07,refugee,0.16%
2022-01-08,refugee,0.05%
2022-01-09,refugee,0.05%
2022-01-10,refugee,0.08%
2022-01-11,refugee,0.09%
2022-01-12,refugee,0.40%
2022-01-13,refugee,0.12%
2022-01-14,refugee,0.13%
2022-01-15,refugee,0.08%
2022-01-16,refugee,0.04%
2022-01-17,refugee,0.10%
2022-01-18,refugee,0.23%
2022-01-19,refugee,0.17%
2022-01-20,refugee,0.18%
2022-01-21,refugee,0.08%
2022-01-22,refugee,0.10%
2022-01-23,refugee,0.05%
2022-01-24,refugee,0.11%
2022-01-25,refugee,0.09%
2022-01-26,refugee,0.11%
2022-01-27,refugee,0.24%
2022-01-28,refugee,0.14%
2022-01-29,refugee,0.04%
2022-01-30,refugee,0.03%
2022-01-31,refugee,0.19%
2022-02-01,refugee,0.79%
2022-02-02,refugee,0.23%
2022-02-03,refugee,0.40%
2022-02-04,refugee,0.24%
2022-02-05,refugee,0.11%
2022-02-06,refugee,1.35%
2022-02-07,refugee,0.70%
2022-02-08,refugee,0.36%
2022-02-09,refugee,0.91%
2022-02-10,refugee,1.89%
2022-02-11,refugee,0.36%
2022-02-12,refugee,0.62%
2022-02-13,refugee,0.86%
2022-02-14,refugee,2.84%
2022-02-15,refugee,0.41%
2022-02-16,refugee,0.81%
2022-02-17,refugee,0.43%
2022-02-18,refugee,0.55%
2022-02-19,refugee,1.06%
2022-02-20,refugee,1.21%
2022-02-21,refugee,0.49%
2022-02-22,refugee,0.59%
2022-02-23,refugee,0.72%
2022-02-24,refugee,2.56%
2022-02-25,refugee,3.89%
2022-02-26,refugee,5.49%
2022-02-27,refugee,7.27%
2022-02-28,refugee,8.04%
2022-03-01,refugee,7.56%
2022-03-02,refugee,7.15%
2022-03-03,refugee,14.54%
2022-03-04,refugee,8.39%
2022-03-05,refugee,9.12%
2022-03-06,refugee,14.35%
2022-03-07,refugee,13.34%
2022-03-08,refugee,12.99%
2022-03-09,refugee,10.61%
2022-03-10,refugee,11.15%
2022-03-11,refugee,12.60%
2022-03-12,refugee,14.37%
2022-03-13,refugee,20.11%
2022-03-14,refugee,14.60%
2022-03-15,refugee,11.57%
2022-03-16,refugee,10.20%
2022-03-17,refugee,11.00%
2022-03-18,refugee,11.28%
2022-03-19,refugee,12.50%
2022-03-20,refugee,14.15%
2022-03-21,refugee,9.63%
2022-03-22,refugee,11.66%
2022-03-23,refugee,12.42%
2022-03-24,refugee,11.29%
2022-03-25,refugee,14.23%
2022-03-26,refugee,16.08%
2022-03-27,refugee,11.78%
2022-03-28,refugee,9.37%
2022-03-29,refugee,7.25%
2022-03-30,refugee,9.18%
2022-03-31,refugee,10.91%
2022-04-01,refugee,12.20%
2022-04-02,refugee,11.31%
2022-04-03,refugee,9.34%
2022-04-04,refugee,6.32%
2022-04-05,refugee,6.89%
2022-04-06,refugee,6.72%
2022-04-07,refugee,6.00%
2022-04-08,refugee,6.35%
2022-04-09,refugee,5.31%
2022-04-10,refugee,8.50%
2022-04-11,refugee,6.39%
2022-04-12,refugee,7.29%
2022-04-13,refugee,4.71%
2022-04-14,refugee,5.25%
2022-04-15,refugee,5.14%
2022-04-16,refugee,6.38%
2022-04-17,refugee,5.68%
2022-04-18,refugee,3.37%
2022-04-19,refugee,3.77%
2022-04-20,refugee,8.99%
2022-04-21,refugee,7.68%
2022-04-22,refugee,5.83%
2022-04-23,refugee,5.68%
2022-04-24,refugee,5.84%
2022-04-25,refugee,4.10%
2022-04-26,refugee,4.14%
2022-04-27,refugee,2.94%
2022-04-28,refugee,4.95%
2022-04-29,refugee,3.68%
2022-04-30,refugee,2.83%
2022-05-01,refugee,5.35%
2022-05-02,refugee,6.30%
2022-05-03,refugee,4.70%
2022-05-04,refugee,4.73%
2022-05-05,refugee,3.82%
2022-05-06,refugee,7.84%
2022-05-07,refugee,7.43%
2022-05-08,refugee,4.97%
2022-05-09,refugee,3.04%
2022-05-10,refugee,5.62%
2022-05-11,refugee,3.44%
2022-05-12,refugee,5.35%
2022-05-13,refugee,6.84%
2022-05-14,refugee,2.06%
2022-05-15,refugee,1.55%
2022-05-16,refugee,3.59%
2022-05-17,refugee,6.97%
2022-05-18,refugee,2.78%
2022-05-19,refugee,3.15%
2022-05-20,refugee,3.52%
2022-05-21,refugee,6.15%
2022-05-22,refugee,7.47%
2022-05-23,refugee,5.33%
2022-05-24,refugee,5.90%
2022-05-25,refugee,5.68%
2022-05-26,refugee,2.42%
2022-05-27,refugee,2.47%
2022-05-28,refugee,2.82%
2022-05-29,refugee,2.06%
2022-05-30,refugee,1.74%
2022-05-31,refugee,2.56%
2022-06-01,refugee,4.79%
2022-06-02,refugee,4.27%
2022-06-03,refugee,3.94%
2022-06-04,refugee,3.33%
2022-06-05,refugee,3.09%
2022-06-06,refugee,2.44%
2022-06-07,refugee,1.68%
2022-06-08,refugee,1.32%
2022-06-09,refugee,1.78%
2022-06-10,refugee,2.02%
2022-06-11,refugee,1.10%
2022-06-12,refugee,1.27%
2022-06-13,refugee,2.01%
2022-06-14,refugee,4.49%
2022-06-15,refugee,2.75%
2022-06-16,refugee,4.57%
2022-06-17,refugee,2.11%
2022-06-18,refugee,3.77%
2022-06-19,refugee,2.67%
2022-06-20,refugee,5.69%
2022-06-21,refugee,8.93%
2022-06-22,refugee,5.41%
2022-06-23,refugee,3.07%
2022-06-24,refugee,2.36%
2022-06-25,refugee,2.29%
2022-06-26,refugee,1.12%
2022-06-27,refugee,1.12%
2022-06-28,refugee,1.44%
2022-06-29,refugee,2.67%
2022-06-30,refugee,1.58%
2022-07-01,refugee,1.12%
2022-07-02,refugee,1.36%
2022-07-03,refugee,2.33%
2022-07-04,refugee,4.06%
2022-07-05,refugee,3.45%
2022-07-06,refugee,2.86%
2022-07-07,refugee,1.72%
2022-07-08,refugee,1.03%
2022-07-09,refugee,1.10%
2022-07-10,refugee,2.22%
2022-07-11,refugee,3.52%
2022-07-12,refugee,2.07%
2022-07-13,refugee,3.46%
2022-07-14,refugee,3.27%
2022-07-15,refugee,3.52%
2022-07-16,refugee,2.36%
2022-07-17,refugee,1.36%
2022-07-18,refugee,3.51%
2022-07-19,refugee,2.85%
2022-07-20,refugee,12.32%
2022-07-21,refugee,6.35%
2022-07-22,refugee,1.81%
2022-07-23,refugee,2.11%
2022-07-24,refugee,1.42%
2022-07-25,refugee,1.26%
2022-07-26,refugee,2.25%
2022-07-27,refugee,1.94%
2022-07-28,refugee,3.47%
2022-07-29,refugee,2.03%
2022-07-30,refugee,5.90%
2022-07-31,refugee,4.75%
2022-08-01,refugee,1.91%
2022-08-02,refugee,3.00%
2022-08-03,refugee,2.36%
2022-08-04,refugee,5.42%
2022-08-05,refugee,2.51%
2022-08-06,refugee,1.50%
2022-08-07,refugee,2.74%
2022-08-08,refugee,2.10%
2022-08-09,refugee,3.01%
2022-08-10,refugee,4.98%
2022-08-11,refugee,1.94%
2022-08-12,refugee,3.67%
2022-08-13,refugee,1.43%
2022-08-14,refugee,1.10%
2022-08-15,refugee,3.89%
2022-08-16,refugee,1.37%
2022-08-17,refugee,2.24%
2022-08-18,refugee,5.78%
2022-08-19,refugee,2.77%
2022-08-20,refugee,0.78%
2022-08-21,refugee,1.48%
2022-08-22,refugee,5.45%
2022-08-23,refugee,10.13%
2022-08-24,refugee,4.85%
2022-08-25,refugee,4.44%
2022-08-26,refugee,2.27%
2022-08-27,refugee,1.79%
2022-08-28,refugee,1.69%
2022-08-29,refugee,2.14%
2022-08-30,refugee,1.98%
2022-08-31,refugee,1.33%
2022-09-01,refugee,1.97%
2022-09-02,refugee,2.25%
2022-09-03,refugee,2.98%
2022-09-04,refugee,5.20%
2022-09-05,refugee,1.77%
2022-09-06,refugee,1.49%
2022-09-07,refugee,1.23%
2022-09-08,refugee,1.54%
2022-09-09,refugee,1.52%
2022-09-10,refugee,0.71%
2022-09-11,refugee,0.38%
2022-09-12,refugee,0.54%
2022-09-13,refugee,0.91%
2022-09-14,refugee,1.19%
2022-09-15,refugee,1.08%
2022-09-16,refugee,0.65%
2022-09-17,refugee,0.66%
2022-09-18,refugee,5.35%
2022-09-19,refugee,1.38%
2022-09-20,refugee,1.53%
2022-09-21,refugee,0.98%
2022-09-22,refugee,1.11%
2022-09-23,refugee,2.92%
2022-09-24,refugee,3.28%
2022-09-25,refugee,3.02%
2022-09-26,refugee,3.06%
2022-09-27,refugee,2.68%
2022-09-28,refugee,1.99%
2022-09-29,refugee,1.79%
2022-09-30,refugee,0.93%
2022-10-01,refugee,0.81%
2022-10-02,refugee,0.90%
2022-10-03,refugee,2.54%
2022-10-04,refugee,1.16%
2022-10-05,refugee,0.93%
2022-10-06,refugee,3.62%
2022-10-07,refugee,2.17%
2022-10-08,refugee,1.15%
2022-10-09,refugee,0.40%
2022-10-10,refugee,1.00%
2022-10-11,refugee,1.73%
2022-10-12,refugee,1.36%
2022-10-13,refugee,3.44%
2022-10-14,refugee,3.18%
2022-10-15,refugee,1.63%
2022-10-16,refugee,1.04%
2022-10-17,refugee,2.98%
2022-10-18,refugee,3.58%
2022-10-19,refugee,2.01%
2022-10-20,refugee,3.21%
2022-10-21,refugee,4.14%
2022-10-22,refugee,8.16%
2022-10-23,refugee,1.34%
2022-10-24,refugee,2.15%
2022-10-25,refugee,2.68%
2022-10-26,refugee,2.94%
2022-10-27,refugee,2.02%
2022-10-28,refugee,3.12%
2022-10-29,refugee,7.47%
2022-10-30,refugee,1.01%
2022-10-31,refugee,1.19%
2022-11-01,refugee,1.80%
2022-11-02,refugee,1.53%
2022-11-03,refugee,1.85%
2022-11-04,refugee,1.92%
2022-11-05,refugee,0.98%
2022-11-06,refugee,1.82%
2022-11-07,refugee,1.65%
2022-11-08,refugee,1.09%
2022-11-09,refugee,2.47%
2022-11-10,refugee,2.21%
2022-11-11,refugee,1.00%
2022-11-12,refugee,0.91%
2022-11-13,refugee,0.80%
2022-11-14,refugee,1.02%
2022-11-15,refugee,1.27%
2022-11-16,refugee,0.51%
2022-01-01,nuclear threat,1.40%
2022-01-02,nuclear threat,5.26%
2022-01-03,nuclear threat,13.56%
2022-01-04,nuclear threat,21.61%
2022-01-05,nuclear threat,3.69%
2022-01-06,nuclear threat,5.93%
2022-01-07,nuclear threat,5.43%
2022-01-08,nuclear threat,1.19%
2022-01-09,nuclear threat,1.85%
2022-01-10,nuclear threat,2.13%
2022-01-11,nuclear threat,2.33%
2022-01-12,nuclear threat,1.62%
2022-01-13,nuclear threat,4.11%
2022-01-14,nuclear threat,1.31%
2022-01-15,nuclear threat,0.75%
2022-01-16,nuclear threat,1.50%
2022-01-17,nuclear threat,1.28%
2022-01-18,nuclear threat,1.42%
2022-01-19,nuclear threat,2.06%
2022-01-20,nuclear threat,4.36%
2022-01-21,nuclear threat,4.26%
2022-01-22,nuclear threat,5.68%
2022-01-23,nuclear threat,1.35%
2022-01-24,nuclear threat,1.65%
2022-01-25,nuclear threat,1.51%
2022-01-26,nuclear threat,0.94%
2022-01-27,nuclear threat,4.06%
2022-01-28,nuclear threat,0.95%
2022-01-29,nuclear threat,1.93%
2022-01-30,nuclear threat,1.12%
2022-01-31,nuclear threat,3.86%
2022-02-01,nuclear threat,3.19%
2022-02-02,nuclear threat,1.60%
2022-02-03,nuclear threat,2.94%
2022-02-04,nuclear threat,1.97%
2022-02-05,nuclear threat,8.09%
2022-02-06,nuclear threat,6.24%
2022-02-07,nuclear threat,2.82%
2022-02-08,nuclear threat,2.00%
2022-02-09,nuclear threat,2.51%
2022-02-10,nuclear threat,1.53%
2022-02-11,nuclear threat,1.70%
2022-02-12,nuclear threat,2.04%
2022-02-13,nuclear threat,1.16%
2022-02-14,nuclear threat,0.71%
2022-02-15,nuclear threat,0.88%
2022-02-16,nuclear threat,1.37%
2022-02-17,nuclear threat,1.22%
2022-02-18,nuclear threat,9.38%
2022-02-19,nuclear threat,9.76%
2022-02-20,nuclear threat,13.11%
2022-02-21,nuclear threat,3.10%
2022-02-22,nuclear threat,2.01%
2022-02-23,nuclear threat,1.08%
2022-02-24,nuclear threat,4.34%
2022-02-25,nuclear threat,6.78%
2022-02-26,nuclear threat,3.13%
2022-02-27,nuclear threat,14.83%
2022-02-28,nuclear threat,14.15%
2022-03-01,nuclear threat,6.93%
2022-03-02,nuclear threat,4.76%
2022-03-03,nuclear threat,4.45%
2022-03-04,nuclear threat,30.63%
2022-03-05,nuclear threat,15.32%
2022-03-06,nuclear threat,8.30%
2022-03-07,nuclear threat,5.98%
2022-03-08,nuclear threat,3.78%
2022-03-09,nuclear threat,5.37%
2022-03-10,nuclear threat,5.68%
2022-03-11,nuclear threat,5.11%
2022-03-12,nuclear threat,3.98%
2022-03-13,nuclear threat,2.91%
2022-03-14,nuclear threat,3.81%
2022-03-15,nuclear threat,2.70%
2022-03-16,nuclear threat,2.64%
2022-03-17,nuclear threat,4.76%
2022-03-18,nuclear threat,3.32%
2022-03-19,nuclear threat,2.26%
2022-03-20,nuclear threat,2.15%
2022-03-21,nuclear threat,2.51%
2022-03-22,nuclear threat,3.08%
2022-03-23,nuclear threat,7.36%
2022-03-24,nuclear threat,7.85%
2022-03-25,nuclear threat,4.77%
2022-03-26,nuclear threat,5.14%
2022-03-27,nuclear threat,8.83%
2022-03-28,nuclear threat,5.37%
2022-03-29,nuclear threat,5.60%
2022-03-30,nuclear threat,3.26%
2022-03-31,nuclear threat,5.71%
2022-04-01,nuclear threat,10.65%
2022-04-02,nuclear threat,6.67%
2022-04-03,nuclear threat,3.59%
2022-04-04,nuclear threat,1.55%
2022-04-05,nuclear threat,1.12%
2022-04-06,nuclear threat,1.25%
2022-04-07,nuclear threat,2.75%
2022-04-08,nuclear threat,2.29%
2022-04-09,nuclear threat,1.79%
2022-04-10,nuclear threat,3.23%
2022-04-11,nuclear threat,1.53%
2022-04-12,nuclear threat,1.51%
2022-04-13,nuclear threat,1.04%
2022-04-14,nuclear threat,2.54%
2022-04-15,nuclear threat,3.62%
2022-04-16,nuclear threat,3.97%
2022-04-17,nuclear threat,4.32%
2022-04-18,nuclear threat,1.36%
2022-04-19,nuclear threat,1.37%
2022-04-20,nuclear threat,7.43%
2022-04-21,nuclear threat,2.70%
2022-04-22,nuclear threat,1.37%
2022-04-23,nuclear threat,1.86%
2022-04-24,nuclear threat,3.84%
2022-04-25,nuclear threat,1.66%
2022-04-26,nuclear threat,14.16%
2022-04-27,nuclear threat,6.66%
2022-04-28,nuclear threat,4.19%
2022-04-29,nuclear threat,1.98%
2022-04-30,nuclear threat,5.90%
2022-05-01,nuclear threat,3.85%
2022-05-02,nuclear threat,3.46%
2022-05-03,nuclear threat,1.50%
2022-05-04,nuclear threat,1.91%
2022-05-05,nuclear threat,2.53%
2022-05-06,nuclear threat,4.12%
2022-05-07,nuclear threat,3.20%
2022-05-08,nuclear threat,1.77%
2022-05-09,nuclear threat,2.02%
2022-05-10,nuclear threat,3.31%
2022-05-11,nuclear threat,2.18%
2022-05-12,nuclear threat,3.32%
2022-05-13,nuclear threat,2.55%
2022-05-14,nuclear threat,1.23%
2022-05-15,nuclear threat,1.48%
2022-05-16,nuclear threat,2.50%
2022-05-17,nuclear threat,1.89%
2022-05-18,nuclear threat,1.23%
2022-05-19,nuclear threat,3.43%
2022-05-20,nuclear threat,2.15%
2022-05-21,nuclear threat,3.65%
2022-05-22,nuclear threat,1.74%
2022-05-23,nuclear threat,3.48%
2022-05-24,nuclear threat,1.39%
2022-05-25,nuclear threat,0.92%
2022-05-26,nuclear threat,1.57%
2022-05-27,nuclear threat,1.00%
2022-05-28,nuclear threat,1.19%
2022-05-29,nuclear threat,3.43%
2022-05-30,nuclear threat,1.53%
2022-05-31,nuclear threat,0.80%
2022-06-01,nuclear threat,1.93%
2022-06-02,nuclear threat,1.23%
2022-06-03,nuclear threat,1.90%
2022-06-04,nuclear threat,0.77%
2022-06-05,nuclear threat,6.46%
2022-06-06,nuclear threat,2.91%
2022-06-07,nuclear threat,4.09%
2022-06-08,nuclear threat,2.03%
2022-06-09,nuclear threat,2.47%
2022-06-10,nuclear threat,1.69%
2022-06-11,nuclear threat,3.18%
2022-06-12,nuclear threat,2.03%
2022-06-13,nuclear threat,4.12%
2022-06-14,nuclear threat,1.97%
2022-06-15,nuclear threat,1.19%
2022-06-16,nuclear threat,1.30%
2022-06-17,nuclear threat,1.28%
2022-06-18,nuclear threat,1.73%
2022-06-19,nuclear threat,2.18%
2022-06-20,nuclear threat,2.43%
2022-06-21,nuclear threat,7.00%
2022-06-22,nuclear threat,1.84%
2022-06-23,nuclear threat,1.69%
2022-06-24,nuclear threat,1.27%
2022-06-25,nuclear threat,3.56%
2022-06-26,nuclear threat,2.71%
2022-06-27,nuclear threat,2.20%
2022-06-28,nuclear threat,1.52%
2022-06-29,nuclear threat,2.60%
2022-06-30,nuclear threat,1.44%
2022-07-01,nuclear threat,1.40%
2022-07-02,nuclear threat,1.84%
2022-07-03,nuclear threat,0.45%
2022-07-04,nuclear threat,0.94%
2022-07-05,nuclear threat,0.90%
2022-07-06,nuclear threat,5.55%
2022-07-07,nuclear threat,3.40%
2022-07-08,nuclear threat,1.04%
2022-07-09,nuclear threat,1.77%
2022-07-10,nuclear threat,1.01%
2022-07-11,nuclear threat,1.71%
2022-07-12,nuclear threat,3.58%
2022-07-13,nuclear threat,5.61%
2022-07-14,nuclear threat,2.72%
2022-07-15,nuclear threat,3.52%
2022-07-16,nuclear threat,4.51%
2022-07-17,nuclear threat,4.33%
2022-07-18,nuclear threat,2.75%
2022-07-19,nuclear threat,2.56%
2022-07-20,nuclear threat,2.31%
2022-07-21,nuclear threat,3.20%
2022-07-22,nuclear threat,2.05%
2022-07-23,nuclear threat,0.81%
2022-07-24,nuclear threat,0.77%
2022-07-25,nuclear threat,1.17%
2022-07-26,nuclear threat,0.97%
2022-07-27,nuclear threat,2.39%
2022-07-28,nuclear threat,2.34%
2022-07-29,nuclear threat,1.83%
2022-07-30,nuclear threat,2.54%
2022-07-31,nuclear threat,3.19%
2022-08-01,nuclear threat,5.34%
2022-08-02,nuclear threat,11.01%
2022-08-03,nuclear threat,9.94%
2022-08-04,nuclear threat,13.03%
2022-08-05,nuclear threat,5.46%
2022-08-06,nuclear threat,19.75%
2022-08-07,nuclear threat,17.13%
2022-08-08,nuclear threat,31.83%
2022-08-09,nuclear threat,18.44%
2022-08-10,nuclear threat,18.27%
2022-08-11,nuclear threat,13.06%
2022-08-12,nuclear threat,21.10%
2022-08-13,nuclear threat,16.68%
2022-08-14,nuclear threat,27.11%
2022-08-15,nuclear threat,13.36%
2022-08-16,nuclear threat,21.30%
2022-08-17,nuclear threat,14.21%
2022-08-18,nuclear threat,19.91%
2022-08-19,nuclear threat,21.44%
2022-08-20,nuclear threat,13.55%
2022-08-21,nuclear threat,6.62%
2022-08-22,nuclear threat,16.61%
2022-08-23,nuclear threat,10.34%
2022-08-24,nuclear threat,6.02%
2022-08-25,nuclear threat,17.47%
2022-08-26,nuclear threat,32.20%
2022-08-27,nuclear threat,37.07%
2022-08-28,nuclear threat,41.82%
2022-08-29,nuclear threat,42.18%
2022-08-30,nuclear threat,12.72%
2022-08-31,nuclear threat,20.98%
2022-09-01,nuclear threat,24.37%
2022-09-02,nuclear threat,22.78%
2022-09-03,nuclear threat,32.62%
2022-09-04,nuclear threat,14.35%
2022-09-05,nuclear threat,19.11%
2022-09-06,nuclear threat,16.60%
2022-09-07,nuclear threat,16.63%
2022-09-08,nuclear threat,13.65%
2022-09-09,nuclear threat,15.04%
2022-09-10,nuclear threat,7.91%
2022-09-11,nuclear threat,12.81%
2022-09-12,nuclear threat,10.29%
2022-09-13,nuclear threat,6.85%
2022-09-14,nuclear threat,3.87%
2022-09-15,nuclear threat,6.10%
2022-09-16,nuclear threat,4.39%
2022-09-17,nuclear threat,5.67%
2022-09-18,nuclear threat,8.84%
2022-09-19,nuclear threat,24.00%
2022-09-20,nuclear threat,7.99%
2022-09-21,nuclear threat,22.86%
2022-09-22,nuclear threat,16.89%
2022-09-23,nuclear threat,13.03%
2022-09-24,nuclear threat,12.51%
2022-09-25,nuclear threat,10.16%
2022-09-26,nuclear threat,13.54%
2022-09-27,nuclear threat,13.60%
2022-09-28,nuclear threat,10.24%
2022-09-29,nuclear threat,11.05%
2022-09-30,nuclear threat,12.21%
2022-10-01,nuclear threat,26.26%
2022-10-02,nuclear threat,23.75%
2022-10-03,nuclear threat,12.00%
2022-10-04,nuclear threat,12.01%
2022-10-05,nuclear threat,12.59%
2022-10-06,nuclear threat,22.89%
2022-10-07,nuclear threat,22.84%
2022-10-08,nuclear threat,15.99%
2022-10-09,nuclear threat,9.45%
2022-10-10,nuclear threat,5.80%
2022-10-11,nuclear threat,12.11%
2022-10-12,nuclear threat,22.47%
2022-10-13,nuclear threat,11.68%
2022-10-14,nuclear threat,8.11%
2022-10-15,nuclear threat,10.35%
2022-10-16,nuclear threat,9.21%
2022-10-17,nuclear threat,11.19%
2022-10-18,nuclear threat,11.81%
2022-10-19,nuclear threat,5.92%
2022-10-20,nuclear threat,6.03%
2022-10-21,nuclear threat,7.03%
2022-10-22,nuclear threat,3.69%
2022-10-23,nuclear threat,7.16%
2022-10-24,nuclear threat,15.53%
2022-10-25,nuclear threat,17.54%
2022-10-26,nuclear threat,20.04%
2022-10-27,nuclear threat,21.39%
2022-10-28,nuclear threat,14.76%
2022-10-29,nuclear threat,7.06%
2022-10-30,nuclear threat,5.46%
2022-10-31,nuclear threat,4.13%
2022-11-01,nuclear threat,10.70%
2022-11-02,nuclear threat,9.00%
2022-11-03,nuclear threat,21.05%
2022-11-04,nuclear threat,14.57%
2022-11-05,nuclear threat,7.99%
2022-11-06,nuclear threat,8.20%
2022-11-07,nuclear threat,6.29%
2022-11-08,nuclear threat,7.42%
2022-11-09,nuclear threat,5.64%
2022-11-10,nuclear threat,2.25%
2022-11-11,nuclear threat,1.82%
2022-11-12,nuclear threat,4.38%
2022-11-13,nuclear threat,3.21%
2022-11-14,nuclear threat,9.80%
2022-11-15,nuclear threat,7.18%
2022-11-16,nuclear threat,3.92%
2022-01-01,sanctions,41.04%
2022-01-02,sanctions,20.14%
2022-01-03,sanctions,20.45%
2022-01-04,sanctions,21.76%
2022-01-05,sanctions,15.72%
2022-01-06,sanctions,9.33%
2022-01-07,sanctions,9.50%
2022-01-08,sanctions,6.81%
2022-01-09,sanctions,19.46%
2022-01-10,sanctions,12.23%
2022-01-11,sanctions,14.09%
2022-01-12,sanctions,16.53%
2022-01-13,sanctions,17.82%
2022-01-14,sanctions,10.58%
2022-01-15,sanctions,6.02%
2022-01-16,sanctions,4.23%
2022-01-17,sanctions,8.49%
2022-01-18,sanctions,7.69%
2022-01-19,sanctions,7.66%
2022-01-20,sanctions,14.50%
2022-01-21,sanctions,19.80%
2022-01-22,sanctions,7.84%
2022-01-23,sanctions,11.68%
2022-01-24,sanctions,13.64%
2022-01-25,sanctions,16.78%
2022-01-26,sanctions,19.50%
2022-01-27,sanctions,10.15%
2022-01-28,sanctions,12.98%
2022-01-29,sanctions,9.46%
2022-01-30,sanctions,28.61%
2022-01-31,sanctions,21.53%
2022-02-01,sanctions,11.26%
2022-02-02,sanctions,11.79%
2022-02-03,sanctions,8.04%
2022-02-04,sanctions,7.43%
2022-02-05,sanctions,9.19%
2022-02-06,sanctions,11.74%
2022-02-07,sanctions,12.97%
2022-02-08,sanctions,13.14%
2022-02-09,sanctions,11.97%
2022-02-10,sanctions,11.32%
2022-02-11,sanctions,6.57%
2022-02-12,sanctions,8.33%
2022-02-13,sanctions,12.31%
2022-02-14,sanctions,12.55%
2022-02-15,sanctions,12.91%
2022-02-16,sanctions,8.45%
2022-02-17,sanctions,4.05%
2022-02-18,sanctions,5.76%
2022-02-19,sanctions,13.25%
2022-02-20,sanctions,14.30%
2022-02-21,sanctions,13.88%
2022-02-22,sanctions,38.41%
2022-02-23,sanctions,46.58%
2022-02-24,sanctions,27.89%
2022-02-25,sanctions,26.33%
2022-02-26,sanctions,23.25%
2022-02-27,sanctions,17.36%
2022-02-28,sanctions,21.11%
2022-03-01,sanctions,15.18%
2022-03-02,sanctions,18.70%
2022-03-03,sanctions,14.30%
2022-03-04,sanctions,11.92%
2022-03-05,sanctions,12.11%
2022-03-06,sanctions,16.72%
2022-03-07,sanctions,14.27%
2022-03-08,sanctions,14.20%
2022-03-09,sanctions,12.77%
2022-03-10,sanctions,15.22%
2022-03-11,sanctions,14.91%
2022-03-12,sanctions,15.22%
2022-03-13,sanctions,9.28%
2022-03-14,sanctions,15.00%
2022-03-15,sanctions,17.44%
2022-03-16,sanctions,16.39%
2022-03-17,sanctions,11.37%
2022-03-18,sanctions,9.74%
2022-03-19,sanctions,7.69%
2022-03-20,sanctions,8.62%
2022-03-21,sanctions,9.50%
2022-03-22,sanctions,15.74%
2022-03-23,sanctions,16.69%
2022-03-24,sanctions,17.62%
2022-03-25,sanctions,12.84%
2022-03-26,sanctions,7.84%
2022-03-27,sanctions,7.38%
2022-03-28,sanctions,8.22%
2022-03-29,sanctions,11.08%
2022-03-30,sanctions,10.84%
2022-03-31,sanctions,16.94%
2022-04-01,sanctions,9.66%
2022-04-02,sanctions,10.25%
2022-04-03,sanctions,14.75%
2022-04-04,sanctions,22.51%
2022-04-05,sanctions,20.76%
2022-04-06,sanctions,30.09%
2022-04-07,sanctions,21.18%
2022-04-08,sanctions,18.02%
2022-04-09,sanctions,13.08%
2022-04-10,sanctions,13.67%
2022-04-11,sanctions,15.43%
2022-04-12,sanctions,12.99%
2022-04-13,sanctions,10.70%
2022-04-14,sanctions,11.99%
2022-04-15,sanctions,4.87%
2022-04-16,sanctions,8.83%
2022-04-17,sanctions,9.25%
2022-04-18,sanctions,10.71%
2022-04-19,sanctions,8.79%
2022-04-20,sanctions,6.94%
2022-04-21,sanctions,12.23%
2022-04-22,sanctions,10.73%
2022-04-23,sanctions,5.91%
2022-04-24,sanctions,10.18%
2022-04-25,sanctions,8.35%
2022-04-26,sanctions,5.95%
2022-04-27,sanctions,11.70%
2022-04-28,sanctions,10.56%
2022-04-29,sanctions,6.97%
2022-04-30,sanctions,7.03%
2022-05-01,sanctions,3.30%
2022-05-02,sanctions,9.83%
2022-05-03,sanctions,14.09%
2022-05-04,sanctions,18.93%
2022-05-05,sanctions,10.29%
2022-05-06,sanctions,6.22%
2022-05-07,sanctions,9.27%
2022-05-08,sanctions,9.79%
2022-05-09,sanctions,10.27%
2022-05-10,sanctions,8.13%
2022-05-11,sanctions,8.16%
2022-05-12,sanctions,8.69%
2022-05-13,sanctions,10.07%
2022-05-14,sanctions,6.54%
2022-05-15,sanctions,3.86%
2022-05-16,sanctions,11.05%
2022-05-17,sanctions,6.76%
2022-05-18,sanctions,6.07%
2022-05-19,sanctions,11.41%
2022-05-20,sanctions,9.99%
2022-05-21,sanctions,8.73%
2022-05-22,sanctions,4.81%
2022-05-23,sanctions,12.14%
2022-05-24,sanctions,8.98%
2022-05-25,sanctions,9.56%
2022-05-26,sanctions,15.88%
2022-05-27,sanctions,19.53%
2022-05-28,sanctions,12.09%
2022-05-29,sanctions,10.05%
2022-05-30,sanctions,16.70%
2022-05-31,sanctions,22.20%
2022-06-01,sanctions,12.65%
2022-06-02,sanctions,9.20%
2022-06-03,sanctions,15.76%
2022-06-04,sanctions,7.88%
2022-06-05,sanctions,7.04%
2022-06-06,sanctions,9.01%
2022-06-07,sanctions,12.01%
2022-06-08,sanctions,16.05%
2022-06-09,sanctions,10.68%
2022-06-10,sanctions,8.97%
2022-06-11,sanctions,12.98%
2022-06-12,sanctions,9.05%
2022-06-13,sanctions,7.27%
2022-06-14,sanctions,8.99%
2022-06-15,sanctions,7.99%
2022-06-16,sanctions,8.67%
2022-06-17,sanctions,11.83%
2022-06-18,sanctions,8.37%
2022-06-19,sanctions,5.03%
2022-06-20,sanctions,9.31%
2022-06-21,sanctions,12.18%
2022-06-22,sanctions,12.49%
2022-06-23,sanctions,13.17%
2022-06-24,sanctions,8.81%
2022-06-25,sanctions,6.95%
2022-06-26,sanctions,14.47%
2022-06-27,sanctions,20.09%
2022-06-28,sanctions,16.12%
2022-06-29,sanctions,9.05%
2022-06-30,sanctions,10.40%
2022-07-01,sanctions,10.15%
2022-07-02,sanctions,7.73%
2022-07-03,sanctions,4.68%
2022-07-04,sanctions,7.16%
2022-07-05,sanctions,4.42%
2022-07-06,sanctions,9.79%
2022-07-07,sanctions,7.39%
2022-07-08,sanctions,7.66%
2022-07-09,sanctions,8.33%
2022-07-10,sanctions,8.16%
2022-07-11,sanctions,7.71%
2022-07-12,sanctions,7.76%
2022-07-13,sanctions,7.93%
2022-07-14,sanctions,7.39%
2022-07-15,sanctions,8.07%
2022-07-16,sanctions,10.46%
2022-07-17,sanctions,5.21%
2022-07-18,sanctions,14.87%
2022-07-19,sanctions,16.05%
2022-07-20,sanctions,9.35%
2022-07-21,sanctions,11.82%
2022-07-22,sanctions,6.41%
2022-07-23,sanctions,5.08%
2022-07-24,sanctions,12.15%
2022-07-25,sanctions,7.73%
2022-07-26,sanctions,13.44%
2022-07-27,sanctions,12.31%
2022-07-28,sanctions,7.30%
2022-07-29,sanctions,6.34%
2022-07-30,sanctions,10.01%
2022-07-31,sanctions,4.78%
2022-08-01,sanctions,7.13%
2022-08-02,sanctions,8.36%
2022-08-03,sanctions,9.22%
2022-08-04,sanctions,7.00%
2022-08-05,sanctions,9.46%
2022-08-06,sanctions,4.44%
2022-08-07,sanctions,4.69%
2022-08-08,sanctions,6.42%
2022-08-09,sanctions,9.65%
2022-08-10,sanctions,8.60%
2022-08-11,sanctions,10.83%
2022-08-12,sanctions,8.13%
2022-08-13,sanctions,7.90%
2022-08-14,sanctions,7.48%
2022-08-15,sanctions,8.58%
2022-08-16,sanctions,10.79%
2022-08-17,sanctions,8.79%
2022-08-18,sanctions,7.30%
2022-08-19,sanctions,3.33%
2022-08-20,sanctions,4.45%
2022-08-21,sanctions,11.07%
2022-08-22,sanctions,8.27%
2022-08-23,sanctions,7.24%
2022-08-24,sanctions,5.76%
2022-08-25,sanctions,7.65%
2022-08-26,sanctions,7.13%
2022-08-27,sanctions,4.95%
2022-08-28,sanctions,4.41%
2022-08-29,sanctions,4.05%
2022-08-30,sanctions,8.00%
2022-08-31,sanctions,5.40%
2022-09-01,sanctions,11.70%
2022-09-02,sanctions,6.42%
2022-09-03,sanctions,7.76%
2022-09-04,sanctions,12.30%
2022-09-05,sanctions,13.88%
2022-09-06,sanctions,15.52%
2022-09-07,sanctions,14.81%
2022-09-08,sanctions,6.89%
2022-09-09,sanctions,7.83%
2022-09-10,sanctions,2.80%
2022-09-11,sanctions,3.63%
2022-09-12,sanctions,4.88%
2022-09-13,sanctions,6.43%
2022-09-14,sanctions,13.91%
2022-09-15,sanctions,10.32%
2022-09-16,sanctions,9.81%
2022-09-17,sanctions,7.49%
2022-09-18,sanctions,5.81%
2022-09-19,sanctions,6.03%
2022-09-20,sanctions,6.47%
2022-09-21,sanctions,6.32%
2022-09-22,sanctions,5.92%
2022-09-23,sanctions,4.60%
2022-09-24,sanctions,7.91%
2022-09-25,sanctions,6.86%
2022-09-26,sanctions,10.40%
2022-09-27,sanctions,6.65%
2022-09-28,sanctions,12.81%
2022-09-29,sanctions,10.51%
2022-09-30,sanctions,13.52%
2022-10-01,sanctions,7.26%
2022-10-02,sanctions,4.48%
2022-10-03,sanctions,7.80%
2022-10-04,sanctions,4.83%
2022-10-05,sanctions,7.81%
2022-10-06,sanctions,5.12%
2022-10-07,sanctions,6.15%
2022-10-08,sanctions,3.09%
2022-10-09,sanctions,1.63%
2022-10-10,sanctions,2.58%
2022-10-11,sanctions,6.67%
2022-10-12,sanctions,5.02%
2022-10-13,sanctions,5.27%
2022-10-14,sanctions,4.55%
2022-10-15,sanctions,2.88%
2022-10-16,sanctions,2.62%
2022-10-17,sanctions,6.68%
2022-10-18,sanctions,8.70%
2022-10-19,sanctions,6.36%
2022-10-20,sanctions,13.75%
2022-10-21,sanctions,10.09%
2022-10-22,sanctions,5.03%
2022-10-23,sanctions,5.85%
2022-10-24,sanctions,4.96%
2022-10-25,sanctions,4.66%
2022-10-26,sanctions,5.36%
2022-10-27,sanctions,4.67%
2022-10-28,sanctions,5.65%
2022-10-29,sanctions,2.45%
2022-10-30,sanctions,2.77%
2022-10-31,sanctions,4.25%
2022-11-01,sanctions,4.25%
2022-11-02,sanctions,5.34%
2022-11-03,sanctions,4.94%
2022-11-04,sanctions,4.72%
2022-11-05,sanctions,3.60%
2022-11-06,sanctions,2.11%
2022-11-07,sanctions,6.14%
2022-11-08,sanctions,8.88%
2022-11-09,sanctions,4.91%
2022-11-10,sanctions,4.67%
2022-11-11,sanctions,2.76%
2022-11-12,sanctions,2.51%
2022-11-13,sanctions,2.83%
2022-11-14,sanctions,4.97%
2022-11-15,sanctions,6.09%
2022-11-16,sanctions,3.48%
2022-01-01,food crisis,0.91%
2022-01-02,food crisis,1.24%
2022-01-03,food crisis,0.31%
2022-01-04,food crisis,0.34%
2022-01-05,food crisis,0.42%
2022-01-06,food crisis,0.37%
2022-01-07,food crisis,0.17%
2022-01-08,food crisis,0.15%
2022-01-09,food crisis,0.05%
2022-01-10,food crisis,0.15%
2022-01-11,food crisis,0.44%
2022-01-12,food crisis,0.13%
2022-01-13,food crisis,0.54%
2022-01-14,food crisis,0.37%
2022-01-15,food crisis,0.38%
2022-01-16,food crisis,0.06%
2022-01-17,food crisis,0.22%
2022-01-18,food crisis,0.42%
2022-01-19,food crisis,0.13%
2022-01-20,food crisis,0.36%
2022-01-21,food crisis,0.31%
2022-01-22,food crisis,0.13%
2022-01-23,food crisis,0.16%
2022-01-24,food crisis,0.20%
2022-01-25,food crisis,0.46%
2022-01-26,food crisis,0.48%
2022-01-27,food crisis,0.70%
2022-01-28,food crisis,0.79%
2022-01-29,food crisis,0.53%
2022-01-30,food crisis,1.84%
2022-01-31,food crisis,0.94%
2022-02-01,food crisis,0.43%
2022-02-02,food crisis,1.05%
2022-02-03,food crisis,0.40%
2022-02-04,food crisis,0.43%
2022-02-05,food crisis,0.29%
2022-02-06,food crisis,0.18%
2022-02-07,food crisis,0.26%
2022-02-08,food crisis,0.37%
2022-02-09,food crisis,0.31%
2022-02-10,food crisis,0.49%
2022-02-11,food crisis,0.38%
2022-02-12,food crisis,0.29%
2022-02-13,food crisis,0.55%
2022-02-14,food crisis,0.57%
2022-02-15,food crisis,0.53%
2022-02-16,food crisis,0.51%
2022-02-17,food crisis,0.28%
2022-02-18,food crisis,0.38%
2022-02-19,food crisis,0.66%
2022-02-20,food crisis,1.18%
2022-02-21,food crisis,0.29%
2022-02-22,food crisis,0.40%
2022-02-23,food crisis,1.35%
2022-02-24,food crisis,1.82%
2022-02-25,food crisis,2.35%
2022-02-26,food crisis,1.65%
2022-02-27,food crisis,1.42%
2022-02-28,food crisis,1.45%
2022-03-01,food crisis,2.32%
2022-03-02,food crisis,3.46%
2022-03-03,food crisis,4.60%
2022-03-04,food crisis,4.36%
2022-03-05,food crisis,4.12%
2022-03-06,food crisis,6.77%
2022-03-07,food crisis,5.02%
2022-03-08,food crisis,6.68%
2022-03-09,food crisis,7.30%
2022-03-10,food crisis,4.54%
2022-03-11,food crisis,8.31%
2022-03-12,food crisis,6.63%
2022-03-13,food crisis,3.77%
2022-03-14,food crisis,6.87%
2022-03-15,food crisis,5.21%
2022-03-16,food crisis,4.11%
2022-03-17,food crisis,3.86%
2022-03-18,food crisis,3.89%
2022-03-19,food crisis,3.72%
2022-03-20,food crisis,5.92%
2022-03-21,food crisis,5.16%
2022-03-22,food crisis,6.46%
2022-03-23,food crisis,7.35%
2022-03-24,food crisis,5.08%
2022-03-25,food crisis,5.07%
2022-03-26,food crisis,5.59%
2022-03-27,food crisis,7.62%
2022-03-28,food crisis,5.07%
2022-03-29,food crisis,6.88%
2022-03-30,food crisis,7.34%
2022-03-31,food crisis,6.48%
2022-04-01,food crisis,5.42%
2022-04-02,food crisis,4.31%
2022-04-03,food crisis,5.06%
2022-04-04,food crisis,4.47%
2022-04-05,food crisis,3.61%
2022-04-06,food crisis,4.07%
2022-04-07,food crisis,3.87%
2022-04-08,food crisis,5.90%
2022-04-09,food crisis,3.70%
2022-04-10,food crisis,5.85%
2022-04-11,food crisis,6.05%
2022-04-12,food crisis,8.01%
2022-04-13,food crisis,5.49%
2022-04-14,food crisis,4.51%
2022-04-15,food crisis,6.40%
2022-04-16,food crisis,2.59%
2022-04-17,food crisis,3.94%
2022-04-18,food crisis,4.40%
2022-04-19,food crisis,5.84%
2022-04-20,food crisis,4.50%
2022-04-21,food crisis,4.82%
2022-04-22,food crisis,4.83%
2022-04-23,food crisis,4.29%
2022-04-24,food crisis,3.55%
2022-04-25,food crisis,2.88%
2022-04-26,food crisis,4.68%
2022-04-27,food crisis,2.97%
2022-04-28,food crisis,4.97%
2022-04-29,food crisis,3.85%
2022-04-30,food crisis,7.36%
2022-05-01,food crisis,6.67%
2022-05-02,food crisis,7.33%
2022-05-03,food crisis,5.19%
2022-05-04,food crisis,8.48%
2022-05-05,food crisis,7.89%
2022-05-06,food crisis,8.04%
2022-05-07,food crisis,6.55%
2022-05-08,food crisis,5.65%
2022-05-09,food crisis,5.89%
2022-05-10,food crisis,6.27%
2022-05-11,food crisis,13.10%
2022-05-12,food crisis,11.16%
2022-05-13,food crisis,9.57%
2022-05-14,food crisis,12.51%
2022-05-15,food crisis,7.98%
2022-05-16,food crisis,8.56%
2022-05-17,food crisis,5.66%
2022-05-18,food crisis,6.15%
2022-05-19,food crisis,10.54%
2022-05-20,food crisis,11.43%
2022-05-21,food crisis,6.97%
2022-05-22,food crisis,9.34%
2022-05-23,food crisis,7.75%
2022-05-24,food crisis,11.25%
2022-05-25,food crisis,13.55%
2022-05-26,food crisis,18.91%
2022-05-27,food crisis,17.60%
2022-05-28,food crisis,16.71%
2022-05-29,food crisis,9.47%
2022-05-30,food crisis,18.95%
2022-05-31,food crisis,19.19%
2022-06-01,food crisis,10.55%
2022-06-02,food crisis,5.82%
2022-06-03,food crisis,17.35%
2022-06-04,food crisis,13.55%
2022-06-05,food crisis,9.38%
2022-06-06,food crisis,14.71%
2022-06-07,food crisis,17.89%
2022-06-08,food crisis,35.88%
2022-06-09,food crisis,23.07%
2022-06-10,food crisis,11.36%
2022-06-11,food crisis,10.39%
2022-06-12,food crisis,13.47%
2022-06-13,food crisis,8.39%
2022-06-14,food crisis,8.35%
2022-06-15,food crisis,11.54%
2022-06-16,food crisis,8.16%
2022-06-17,food crisis,8.13%
2022-06-18,food crisis,17.78%
2022-06-19,food crisis,14.47%
2022-06-20,food crisis,14.82%
2022-06-21,food crisis,12.35%
2022-06-22,food crisis,10.90%
2022-06-23,food crisis,9.86%
2022-06-24,food crisis,15.09%
2022-06-25,food crisis,12.02%
2022-06-26,food crisis,7.85%
2022-06-27,food crisis,9.73%
2022-06-28,food crisis,9.28%
2022-06-29,food crisis,8.09%
2022-06-30,food crisis,9.94%
2022-07-01,food crisis,12.47%
2022-07-02,food crisis,10.88%
2022-07-03,food crisis,10.52%
2022-07-04,food crisis,10.33%
2022-07-05,food crisis,11.39%
2022-07-06,food crisis,11.00%
2022-07-07,food crisis,16.27%
2022-07-08,food crisis,13.28%
2022-07-09,food crisis,9.07%
2022-07-10,food crisis,12.50%
2022-07-11,food crisis,5.69%
2022-07-12,food crisis,10.72%
2022-07-13,food crisis,35.70%
2022-07-14,food crisis,19.24%
2022-07-15,food crisis,13.35%
2022-07-16,food crisis,10.28%
2022-07-17,food crisis,5.19%
2022-07-18,food crisis,11.36%
2022-07-19,food crisis,24.23%
2022-07-20,food crisis,12.38%
2022-07-21,food crisis,9.02%
2022-07-22,food crisis,51.63%
2022-07-23,food crisis,63.85%
2022-07-24,food crisis,48.27%
2022-07-25,food crisis,29.22%
2022-07-26,food crisis,16.74%
2022-07-27,food crisis,20.55%
2022-07-28,food crisis,15.52%
2022-07-29,food crisis,23.92%
2022-07-30,food crisis,11.83%
2022-07-31,food crisis,16.18%
2022-08-01,food crisis,38.00%
2022-08-02,food crisis,26.59%
2022-08-03,food crisis,38.64%
2022-08-04,food crisis,18.38%
2022-08-05,food crisis,35.56%
2022-08-06,food crisis,18.51%
2022-08-07,food crisis,36.05%
2022-08-08,food crisis,20.59%
2022-08-09,food crisis,7.17%
2022-08-10,food crisis,6.39%
2022-08-11,food crisis,6.79%
2022-08-12,food crisis,12.57%
2022-08-13,food crisis,7.51%
2022-08-14,food crisis,13.22%
2022-08-15,food crisis,9.55%
2022-08-16,food crisis,12.36%
2022-08-17,food crisis,15.08%
2022-08-18,food crisis,19.21%
2022-08-19,food crisis,9.19%
2022-08-20,food crisis,14.57%
2022-08-21,food crisis,7.96%
2022-08-22,food crisis,5.97%
2022-08-23,food crisis,5.53%
2022-08-24,food crisis,4.48%
2022-08-25,food crisis,4.12%
2022-08-26,food crisis,3.75%
2022-08-27,food crisis,5.88%
2022-08-28,food crisis,4.24%
2022-08-29,food crisis,2.68%
2022-08-30,food crisis,6.48%
2022-08-31,food crisis,4.47%
2022-09-01,food crisis,2.95%
2022-09-02,food crisis,5.74%
2022-09-03,food crisis,5.85%
2022-09-04,food crisis,3.26%
2022-09-05,food crisis,6.09%
2022-09-06,food crisis,2.25%
2022-09-07,food crisis,7.18%
2022-09-08,food crisis,6.75%
2022-09-09,food crisis,4.20%
2022-09-10,food crisis,5.86%
2022-09-11,food crisis,2.66%
2022-09-12,food crisis,6.00%
2022-09-13,food crisis,4.12%
2022-09-14,food crisis,5.09%
2022-09-15,food crisis,6.69%
2022-09-16,food crisis,5.53%
2022-09-17,food crisis,4.07%
2022-09-18,food crisis,4.18%
2022-09-19,food crisis,5.12%
2022-09-20,food crisis,7.39%
2022-09-21,food crisis,8.93%
2022-09-22,food crisis,5.55%
2022-09-23,food crisis,3.90%
2022-09-24,food crisis,5.31%
2022-09-25,food crisis,3.94%
2022-09-26,food crisis,3.45%
2022-09-27,food crisis,3.46%
2022-09-28,food crisis,2.89%
2022-09-29,food crisis,2.56%
2022-09-30,food crisis,1.78%
2022-10-01,food crisis,1.53%
2022-10-02,food crisis,1.55%
2022-10-03,food crisis,12.77%
2022-10-04,food crisis,2.77%
2022-10-05,food crisis,2.47%
2022-10-06,food crisis,4.45%
2022-10-07,food crisis,3.86%
2022-10-08,food crisis,2.25%
2022-10-09,food crisis,1.72%
2022-10-10,food crisis,1.62%
2022-10-11,food crisis,2.73%
2022-10-12,food crisis,1.71%
2022-10-13,food crisis,3.35%
2022-10-14,food crisis,3.99%
2022-10-15,food crisis,4.43%
2022-10-16,food crisis,1.49%
2022-10-17,food crisis,1.74%
2022-10-18,food crisis,2.74%
2022-10-19,food crisis,3.38%
2022-10-20,food crisis,2.60%
2022-10-21,food crisis,2.70%
2022-10-22,food crisis,4.07%
2022-10-23,food crisis,1.99%
2022-10-24,food crisis,3.14%
2022-10-25,food crisis,1.93%
2022-10-26,food crisis,4.20%
2022-10-27,food crisis,3.82%
2022-10-28,food crisis,3.37%
2022-10-29,food crisis,26.81%
2022-10-30,food crisis,55.94%
2022-10-31,food crisis,38.51%
2022-11-01,food crisis,30.55%
2022-11-02,food crisis,41.34%
2022-11-03,food crisis,24.22%
2022-11-04,food crisis,18.35%
2022-11-05,food crisis,12.73%
2022-11-06,food crisis,6.63%
2022-11-07,food crisis,7.27%
2022-11-08,food crisis,9.49%
2022-11-09,food crisis,5.94%
2022-11-10,food crisis,3.91%
2022-11-11,food crisis,4.13%
2022-11-12,food crisis,6.25%
2022-11-13,food crisis,9.81%
2022-11-14,food crisis,9.18%
2022-11-15,food crisis,12.62%
2022-11-16,food crisis,9.66%
2022-01-01,energy security,3.56%
2022-01-02,energy security,8.65%
2022-01-03,energy security,4.68%
2022-01-04,energy security,13.83%
2022-01-05,energy security,27.22%
2022-01-06,energy security,19.78%
2022-01-07,energy security,11.29%
2022-01-08,energy security,7.23%
2022-01-09,energy security,7.80%
2022-01-10,energy security,6.41%
2022-01-11,energy security,5.55%
2022-01-12,energy security,9.74%
2022-01-13,energy security,10.48%
2022-01-14,energy security,7.32%
2022-01-15,energy security,4.53%
2022-01-16,energy security,2.90%
2022-01-17,energy security,5.39%
2022-01-18,energy security,8.02%
2022-01-19,energy security,7.93%
2022-01-20,energy security,6.06%
2022-01-21,energy security,5.22%
2022-01-22,energy security,2.87%
2022-01-23,energy security,4.37%
2022-01-24,energy security,8.70%
2022-01-25,energy security,12.37%
2022-01-26,energy security,10.52%
2022-01-27,energy security,12.78%
2022-01-28,energy security,12.92%
2022-01-29,energy security,9.42%
2022-01-30,energy security,9.83%
2022-01-31,energy security,16.08%
2022-02-01,energy security,15.20%
2022-02-02,energy security,11.27%
2022-02-03,energy security,13.56%
2022-02-04,energy security,15.14%
2022-02-05,energy security,10.29%
2022-02-06,energy security,15.78%
2022-02-07,energy security,15.05%
2022-02-08,energy security,27.62%
2022-02-09,energy security,16.07%
2022-02-10,energy security,10.58%
2022-02-11,energy security,5.80%
2022-02-12,energy security,11.25%
2022-02-13,energy security,12.41%
2022-02-14,energy security,13.28%
2022-02-15,energy security,12.16%
2022-02-16,energy security,11.74%
2022-02-17,energy security,8.25%
2022-02-18,energy security,8.21%
2022-02-19,energy security,9.92%
2022-02-20,energy security,6.53%
2022-02-21,energy security,6.83%
2022-02-22,energy security,18.40%
2022-02-23,energy security,17.57%
2022-02-24,energy security,14.72%
2022-02-25,energy security,10.34%
2022-02-26,energy security,7.13%
2022-02-27,energy security,16.66%
2022-02-28,energy security,10.05%
2022-03-01,energy security,10.25%
2022-03-02,energy security,11.98%
2022-03-03,energy security,12.28%
2022-03-04,energy security,15.04%
2022-03-05,energy security,10.41%
2022-03-06,energy security,12.92%
2022-03-07,energy security,17.74%
2022-03-08,energy security,22.91%
2022-03-09,energy security,20.51%
2022-03-10,energy security,17.05%
2022-03-11,energy security,14.85%
2022-03-12,energy security,10.20%
2022-03-13,energy security,6.91%
2022-03-14,energy security,9.14%
2022-03-15,energy security,10.89%
2022-03-16,energy security,8.82%
2022-03-17,energy security,8.42%
2022-03-18,energy security,11.02%
2022-03-19,energy security,6.30%
2022-03-20,energy security,12.53%
2022-03-21,energy security,11.36%
2022-03-22,energy security,11.13%
2022-03-23,energy security,14.50%
2022-03-24,energy security,10.65%
2022-03-25,energy security,17.26%
2022-03-26,energy security,12.34%
2022-03-27,energy security,14.45%
2022-03-28,energy security,13.51%
2022-03-29,energy security,13.78%
2022-03-30,energy security,18.56%
2022-03-31,energy security,21.89%
2022-04-01,energy security,35.01%
2022-04-02,energy security,30.51%
2022-04-03,energy security,27.24%
2022-04-04,energy security,17.57%
2022-04-05,energy security,18.21%
2022-04-06,energy security,19.74%
2022-04-07,energy security,20.35%
2022-04-08,energy security,18.43%
2022-04-09,energy security,10.84%
2022-04-10,energy security,12.28%
2022-04-11,energy security,13.65%
2022-04-12,energy security,19.26%
2022-04-13,energy security,13.90%
2022-04-14,energy security,12.13%
2022-04-15,energy security,8.15%
2022-04-16,energy security,9.80%
2022-04-17,energy security,6.61%
2022-04-18,energy security,10.48%
2022-04-19,energy security,9.64%
2022-04-20,energy security,8.11%
2022-04-21,energy security,10.10%
2022-04-22,energy security,13.45%
2022-04-23,energy security,10.28%
2022-04-24,energy security,9.82%
2022-04-25,energy security,22.13%
2022-04-26,energy security,22.64%
2022-04-27,energy security,45.47%
2022-04-28,energy security,26.29%
2022-04-29,energy security,13.59%
2022-04-30,energy security,8.15%
2022-05-01,energy security,13.90%
2022-05-02,energy security,16.04%
2022-05-03,energy security,15.25%
2022-05-04,energy security,28.60%
2022-05-05,energy security,22.03%
2022-05-06,energy security,11.93%
2022-05-07,energy security,6.78%
2022-05-08,energy security,11.11%
2022-05-09,energy security,16.16%
2022-05-10,energy security,16.46%
2022-05-11,energy security,29.25%
2022-05-12,energy security,18.07%
2022-05-13,energy security,14.32%
2022-05-14,energy security,10.53%
2022-05-15,energy security,5.88%
2022-05-16,energy security,13.90%
2022-05-17,energy security,9.57%
2022-05-18,energy security,11.43%
2022-05-19,energy security,10.52%
2022-05-20,energy security,15.56%
2022-05-21,energy security,30.76%
2022-05-22,energy security,14.28%
2022-05-23,energy security,13.57%
2022-05-24,energy security,15.37%
2022-05-25,energy security,12.83%
2022-05-26,energy security,14.10%
2022-05-27,energy security,13.59%
2022-05-28,energy security,9.51%
2022-05-29,energy security,11.34%
2022-05-30,energy security,31.34%
2022-05-31,energy security,39.11%
2022-06-01,energy security,20.70%
2022-06-02,energy security,14.59%
2022-06-03,energy security,18.80%
2022-06-04,energy security,8.64%
2022-06-05,energy security,8.34%
2022-06-06,energy security,9.49%
2022-06-07,energy security,10.82%
2022-06-08,energy security,16.05%
2022-06-09,energy security,17.13%
2022-06-10,energy security,12.37%
2022-06-11,energy security,16.32%
2022-06-12,energy security,17.06%
2022-06-13,energy security,14.47%
2022-06-14,energy security,15.90%
2022-06-15,energy security,18.03%
2022-06-16,energy security,12.08%
2022-06-17,energy security,12.46%
2022-06-18,energy security,12.73%
2022-06-19,energy security,22.12%
2022-06-20,energy security,24.41%
2022-06-21,energy security,18.16%
2022-06-22,energy security,22.53%
2022-06-23,energy security,17.61%
2022-06-24,energy security,14.18%
2022-06-25,energy security,15.58%
2022-06-26,energy security,20.34%
2022-06-27,energy security,20.97%
2022-06-28,energy security,21.35%
2022-06-29,energy security,12.57%
2022-06-30,energy security,14.77%
2022-07-01,energy security,14.72%
2022-07-02,energy security,15.18%
2022-07-03,energy security,9.19%
2022-07-04,energy security,10.96%
2022-07-05,energy security,11.20%
2022-07-06,energy security,26.08%
2022-07-07,energy security,15.86%
2022-07-08,energy security,16.48%
2022-07-09,energy security,11.95%
2022-07-10,energy security,13.38%
2022-07-11,energy security,18.55%
2022-07-12,energy security,17.21%
2022-07-13,energy security,23.69%
2022-07-14,energy security,17.81%
2022-07-15,energy security,21.57%
2022-07-16,energy security,16.65%
2022-07-17,energy security,9.27%
2022-07-18,energy security,21.28%
2022-07-19,energy security,19.80%
2022-07-20,energy security,17.08%
2022-07-21,energy security,24.59%
2022-07-22,energy security,12.33%
2022-07-23,energy security,10.52%
2022-07-24,energy security,10.64%
2022-07-25,energy security,17.46%
2022-07-26,energy security,23.75%
2022-07-27,energy security,18.31%
2022-07-28,energy security,12.92%
2022-07-29,energy security,14.36%
2022-07-30,energy security,17.55%
2022-07-31,energy security,13.75%
2022-08-01,energy security,12.84%
2022-08-02,energy security,12.89%
2022-08-03,energy security,18.44%
2022-08-04,energy security,13.96%
2022-08-05,energy security,17.61%
2022-08-06,energy security,11.95%
2022-08-07,energy security,15.33%
2022-08-08,energy security,18.41%
2022-08-09,energy security,14.69%
2022-08-10,energy security,15.06%
2022-08-11,energy security,12.62%
2022-08-12,energy security,16.73%
2022-08-13,energy security,14.66%
2022-08-14,energy security,21.28%
2022-08-15,energy security,15.43%
2022-08-16,energy security,11.95%
2022-08-17,energy security,16.48%
2022-08-18,energy security,16.41%
2022-08-19,energy security,15.96%
2022-08-20,energy security,15.24%
2022-08-21,energy security,11.42%
2022-08-22,energy security,8.89%
2022-08-23,energy security,12.44%
2022-08-24,energy security,11.31%
2022-08-25,energy security,15.86%
2022-08-26,energy security,23.32%
2022-08-27,energy security,18.54%
2022-08-28,energy security,26.23%
2022-08-29,energy security,21.32%
2022-08-30,energy security,18.74%
2022-08-31,energy security,29.22%
2022-09-01,energy security,18.59%
2022-09-02,energy security,30.67%
2022-09-03,energy security,28.89%
2022-09-04,energy security,25.77%
2022-09-05,energy security,30.22%
2022-09-06,energy security,22.62%
2022-09-07,energy security,24.69%
2022-09-08,energy security,20.97%
2022-09-09,energy security,19.78%
2022-09-10,energy security,16.48%
2022-09-11,energy security,13.18%
2022-09-12,energy security,12.06%
2022-09-13,energy security,10.64%
2022-09-14,energy security,13.16%
2022-09-15,energy security,12.24%
2022-09-16,energy security,14.69%
2022-09-17,energy security,15.40%
2022-09-18,energy security,9.98%
2022-09-19,energy security,17.21%
2022-09-20,energy security,14.27%
2022-09-21,energy security,12.06%
2022-09-22,energy security,9.84%
2022-09-23,energy security,9.30%
2022-09-24,energy security,9.77%
2022-09-25,energy security,13.94%
2022-09-26,energy security,15.59%
2022-09-27,energy security,18.77%
2022-09-28,energy security,21.89%
2022-09-29,energy security,15.33%
2022-09-30,energy security,13.48%
2022-10-01,energy security,14.06%
2022-10-02,energy security,14.15%
2022-10-03,energy security,13.98%
2022-10-04,energy security,10.22%
2022-10-05,energy security,17.17%
2022-10-06,energy security,25.65%
2022-10-07,energy security,16.28%
2022-10-08,energy security,16.52%
2022-10-09,energy security,13.55%
2022-10-10,energy security,22.64%
2022-10-11,energy security,19.16%
2022-10-12,energy security,25.92%
2022-10-13,energy security,18.47%
2022-10-14,energy security,16.09%
2022-10-15,energy security,15.05%
2022-10-16,energy security,14.60%
2022-10-17,energy security,16.00%
2022-10-18,energy security,23.78%
2022-10-19,energy security,18.87%
2022-10-20,energy security,23.85%
2022-10-21,energy security,15.39%
2022-10-22,energy security,17.78%
2022-10-23,energy security,20.98%
2022-10-24,energy security,18.63%
2022-10-25,energy security,19.54%
2022-10-26,energy security,17.57%
2022-10-27,energy security,22.34%
2022-10-28,energy security,17.17%
2022-10-29,energy security,10.29%
2022-10-30,energy security,10.02%
2022-10-31,energy security,22.37%
2022-11-01,energy security,22.79%
2022-11-02,energy security,19.76%
2022-11-03,energy security,20.22%
2022-11-04,energy security,27.93%
2022-11-05,energy security,20.20%
2022-11-06,energy security,25.82%
2022-11-07,energy security,28.58%
2022-11-08,energy security,19.36%
2022-11-09,energy security,15.87%
2022-11-10,energy security,12.89%
2022-11-11,energy security,10.87%
2022-11-12,energy security,8.47%
2022-11-13,energy security,11.19%
2022-11-14,energy security,13.39%
2022-11-15,energy security,21.85%
2022-11-16,energy security,15.73%
2022-01-01,economic crisis,0.81%
2022-01-02,economic crisis,6.91%
2022-01-03,economic crisis,7.76%
2022-01-04,economic crisis,4.67%
2022-01-05,economic crisis,6.78%
2022-01-06,economic crisis,5.84%
2022-01-07,economic crisis,2.45%
2022-01-08,economic crisis,2.55%
2022-01-09,economic crisis,7.69%
2022-01-10,economic crisis,3.29%
2022-01-11,economic crisis,1.61%
2022-01-12,economic crisis,3.15%
2022-01-13,economic crisis,1.04%
2022-01-14,economic crisis,1.53%
2022-01-15,economic crisis,0.89%
2022-01-16,economic crisis,1.01%
2022-01-17,economic crisis,0.94%
2022-01-18,economic crisis,1.12%
2022-01-19,economic crisis,2.31%
2022-01-20,economic crisis,5.36%
2022-01-21,economic crisis,1.71%
2022-01-22,economic crisis,1.62%
2022-01-23,economic crisis,0.99%
2022-01-24,economic crisis,2.52%
2022-01-25,economic crisis,5.45%
2022-01-26,economic crisis,4.85%
2022-01-27,economic crisis,3.07%
2022-01-28,economic crisis,4.08%
2022-01-29,economic crisis,5.17%
2022-01-30,economic crisis,6.95%
2022-01-31,economic crisis,6.36%
2022-02-01,economic crisis,3.50%
2022-02-02,economic crisis,4.38%
2022-02-03,economic crisis,6.25%
2022-02-04,economic crisis,4.04%
2022-02-05,economic crisis,2.40%
2022-02-06,economic crisis,1.24%
2022-02-07,economic crisis,2.26%
2022-02-08,economic crisis,2.99%
2022-02-09,economic crisis,4.82%
2022-02-10,economic crisis,3.04%
2022-02-11,economic crisis,2.40%
2022-02-12,economic crisis,1.63%
2022-02-13,economic crisis,3.31%
2022-02-14,economic crisis,3.67%
2022-02-15,economic crisis,4.04%
2022-02-16,economic crisis,4.44%
2022-02-17,economic crisis,3.58%
2022-02-18,economic crisis,2.72%
2022-02-19,economic crisis,1.82%
2022-02-20,economic crisis,1.55%
2022-02-21,economic crisis,2.57%
2022-02-22,economic crisis,2.00%
2022-02-23,economic crisis,7.40%
2022-02-24,economic crisis,4.73%
2022-02-25,economic crisis,5.30%
2022-02-26,economic crisis,4.25%
2022-02-27,economic crisis,4.62%
2022-02-28,economic crisis,4.14%
2022-03-01,economic crisis,4.18%
2022-03-02,economic crisis,8.24%
2022-03-03,economic crisis,4.50%
2022-03-04,economic crisis,4.54%
2022-03-05,economic crisis,4.12%
2022-03-06,economic crisis,3.62%
2022-03-07,economic crisis,3.79%
2022-03-08,economic crisis,5.97%
2022-03-09,economic crisis,4.31%
2022-03-10,economic crisis,5.24%
2022-03-11,economic crisis,6.34%
2022-03-12,economic crisis,3.25%
2022-03-13,economic crisis,2.79%
2022-03-14,economic crisis,5.05%
2022-03-15,economic crisis,4.88%
2022-03-16,economic crisis,4.23%
2022-03-17,economic crisis,5.71%
2022-03-18,economic crisis,4.41%
2022-03-19,economic crisis,1.98%
2022-03-20,economic crisis,2.55%
2022-03-21,economic crisis,3.09%
2022-03-22,economic crisis,3.32%
2022-03-23,economic crisis,5.39%
2022-03-24,economic crisis,5.05%
2022-03-25,economic crisis,4.62%
2022-03-26,economic crisis,3.23%
2022-03-27,economic crisis,2.06%
2022-03-28,economic crisis,3.95%
2022-03-29,economic crisis,3.08%
2022-03-30,economic crisis,4.65%
2022-03-31,economic crisis,5.29%
2022-04-01,economic crisis,3.31%
2022-04-02,economic crisis,1.86%
2022-04-03,economic crisis,2.40%
2022-04-04,economic crisis,3.47%
2022-04-05,economic crisis,4.76%
2022-04-06,economic crisis,3.56%
2022-04-07,economic crisis,4.07%
2022-04-08,economic crisis,5.31%
2022-04-09,economic crisis,2.73%
2022-04-10,economic crisis,5.95%
2022-04-11,economic crisis,9.58%
2022-04-12,economic crisis,7.86%
2022-04-13,economic crisis,7.83%
2022-04-14,economic crisis,5.12%
2022-04-15,economic crisis,3.31%
2022-04-16,economic crisis,3.05%
2022-04-17,economic crisis,2.10%
2022-04-18,economic crisis,4.03%
2022-04-19,economic crisis,4.31%
2022-04-20,economic crisis,4.04%
2022-04-21,economic crisis,4.17%
2022-04-22,economic crisis,4.74%
2022-04-23,economic crisis,3.31%
2022-04-24,economic crisis,4.12%
2022-04-25,economic crisis,2.84%
2022-04-26,economic crisis,2.99%
2022-04-27,economic crisis,4.55%
2022-04-28,economic crisis,5.48%
2022-04-29,economic crisis,6.24%
2022-04-30,economic crisis,3.21%
2022-05-01,economic crisis,4.26%
2022-05-02,economic crisis,5.29%
2022-05-03,economic crisis,3.85%
2022-05-04,economic crisis,6.67%
2022-05-05,economic crisis,6.16%
2022-05-06,economic crisis,4.76%
2022-05-07,economic crisis,3.59%
2022-05-08,economic crisis,3.10%
2022-05-09,economic crisis,5.77%
2022-05-10,economic crisis,6.64%
2022-05-11,economic crisis,4.98%
2022-05-12,economic crisis,4.51%
2022-05-13,economic crisis,4.37%
2022-05-14,economic crisis,2.16%
2022-05-15,economic crisis,2.19%
2022-05-16,economic crisis,5.06%
2022-05-17,economic crisis,4.75%
2022-05-18,economic crisis,5.47%
2022-05-19,economic crisis,5.94%
2022-05-20,economic crisis,6.73%
2022-05-21,economic crisis,2.72%
2022-05-22,economic crisis,3.85%
2022-05-23,economic crisis,6.39%
2022-05-24,economic crisis,6.10%
2022-05-25,economic crisis,4.93%
2022-05-26,economic crisis,6.54%
2022-05-27,economic crisis,3.78%
2022-05-28,economic crisis,2.10%
2022-05-29,economic crisis,2.50%
2022-05-30,economic crisis,2.84%
2022-05-31,economic crisis,6.84%
2022-06-01,economic crisis,4.17%
2022-06-02,economic crisis,4.93%
2022-06-03,economic crisis,4.07%
2022-06-04,economic crisis,3.06%
2022-06-05,economic crisis,3.44%
2022-06-06,economic crisis,4.75%
2022-06-07,economic crisis,4.00%
2022-06-08,economic crisis,8.92%
2022-06-09,economic crisis,6.23%
2022-06-10,economic crisis,6.88%
2022-06-11,economic crisis,5.83%
2022-06-12,economic crisis,3.45%
2022-06-13,economic crisis,8.04%
2022-06-14,economic crisis,6.93%
2022-06-15,economic crisis,6.93%
2022-06-16,economic crisis,4.31%
2022-06-17,economic crisis,7.21%
2022-06-18,economic crisis,4.04%
2022-06-19,economic crisis,6.67%
2022-06-20,economic crisis,7.68%
2022-06-21,economic crisis,6.34%
2022-06-22,economic crisis,7.84%
2022-06-23,economic crisis,6.32%
2022-06-24,economic crisis,6.06%
2022-06-25,economic crisis,6.61%
2022-06-26,economic crisis,9.00%
2022-06-27,economic crisis,7.63%
2022-06-28,economic crisis,6.27%
2022-06-29,economic crisis,4.33%
2022-06-30,economic crisis,6.27%
2022-07-01,economic crisis,6.69%
2022-07-02,economic crisis,5.48%
2022-07-03,economic crisis,2.65%
2022-07-04,economic crisis,5.38%
2022-07-05,economic crisis,7.45%
2022-07-06,economic crisis,10.85%
2022-07-07,economic crisis,9.09%
2022-07-08,economic crisis,5.39%
2022-07-09,economic crisis,4.12%
2022-07-10,economic crisis,3.75%
2022-07-11,economic crisis,5.73%
2022-07-12,economic crisis,5.18%
2022-07-13,economic crisis,8.07%
2022-07-14,economic crisis,8.29%
2022-07-15,economic crisis,13.46%
2022-07-16,economic crisis,8.19%
2022-07-17,economic crisis,10.75%
2022-07-18,economic crisis,9.63%
2022-07-19,economic crisis,8.49%
2022-07-20,economic crisis,5.80%
2022-07-21,economic crisis,8.28%
2022-07-22,economic crisis,4.86%
2022-07-23,economic crisis,3.38%
2022-07-24,economic crisis,5.33%
2022-07-25,economic crisis,6.03%
2022-07-26,economic crisis,7.21%
2022-07-27,economic crisis,7.20%
2022-07-28,economic crisis,5.93%
2022-07-29,economic crisis,6.30%
2022-07-30,economic crisis,3.03%
2022-07-31,economic crisis,3.46%
2022-08-01,economic crisis,7.96%
2022-08-02,economic crisis,4.70%
2022-08-03,economic crisis,6.37%
2022-08-04,economic crisis,5.43%
2022-08-05,economic crisis,6.81%
2022-08-06,economic crisis,5.58%
2022-08-07,economic crisis,3.65%
2022-08-08,economic crisis,5.80%
2022-08-09,economic crisis,5.21%
2022-08-10,economic crisis,5.72%
2022-08-11,economic crisis,6.25%
2022-08-12,economic crisis,6.65%
2022-08-13,economic crisis,8.87%
2022-08-14,economic crisis,7.01%
2022-08-15,economic crisis,6.89%
2022-08-16,economic crisis,7.59%
2022-08-17,economic crisis,5.43%
2022-08-18,economic crisis,6.63%
2022-08-19,economic crisis,3.81%
2022-08-20,economic crisis,5.43%
2022-08-21,economic crisis,9.49%
2022-08-22,economic crisis,3.49%
2022-08-23,economic crisis,4.66%
2022-08-24,economic crisis,6.60%
2022-08-25,economic crisis,3.88%
2022-08-26,economic crisis,4.74%
2022-08-27,economic crisis,1.88%
2022-08-28,economic crisis,2.74%
2022-08-29,economic crisis,2.33%
2022-08-30,economic crisis,3.83%
2022-08-31,economic crisis,4.79%
2022-09-01,economic crisis,6.85%
2022-09-02,economic crisis,5.18%
2022-09-03,economic crisis,3.77%
2022-09-04,economic crisis,5.37%
2022-09-05,economic crisis,8.02%
2022-09-06,economic crisis,8.14%
2022-09-07,economic crisis,9.09%
2022-09-08,economic crisis,4.50%
2022-09-09,economic crisis,5.11%
2022-09-10,economic crisis,1.73%
2022-09-11,economic crisis,2.27%
2022-09-12,economic crisis,3.38%
2022-09-13,economic crisis,3.76%
2022-09-14,economic crisis,6.01%
2022-09-15,economic crisis,5.53%
2022-09-16,economic crisis,4.53%
2022-09-17,economic crisis,4.24%
2022-09-18,economic crisis,2.49%
2022-09-19,economic crisis,3.22%
2022-09-20,economic crisis,4.34%
2022-09-21,economic crisis,4.80%
2022-09-22,economic crisis,4.41%
2022-09-23,economic crisis,3.67%
2022-09-24,economic crisis,3.50%
2022-09-25,economic crisis,4.90%
2022-09-26,economic crisis,5.93%
2022-09-27,economic crisis,4.76%
2022-09-28,economic crisis,4.28%
2022-09-29,economic crisis,3.74%
2022-09-30,economic crisis,3.55%
2022-10-01,economic crisis,1.55%
2022-10-02,economic crisis,2.79%
2022-10-03,economic crisis,4.09%
2022-10-04,economic crisis,4.52%
2022-10-05,economic crisis,4.74%
2022-10-06,economic crisis,5.64%
2022-10-07,economic crisis,4.97%
2022-10-08,economic crisis,2.52%
2022-10-09,economic crisis,1.34%
2022-10-10,economic crisis,3.05%
2022-10-11,economic crisis,5.97%
2022-10-12,economic crisis,7.98%
2022-10-13,economic crisis,7.03%
2022-10-14,economic crisis,5.29%
2022-10-15,economic crisis,2.64%
2022-10-16,economic crisis,5.75%
2022-10-17,economic crisis,2.21%
2022-10-18,economic crisis,3.12%
2022-10-19,economic crisis,3.74%
2022-10-20,economic crisis,4.82%
2022-10-21,economic crisis,2.64%
2022-10-22,economic crisis,4.03%
2022-10-23,economic crisis,1.75%
2022-10-24,economic crisis,3.59%
2022-10-25,economic crisis,5.42%
2022-10-26,economic crisis,5.30%
2022-10-27,economic crisis,7.53%
2022-10-28,economic crisis,5.83%
2022-10-29,economic crisis,1.81%
2022-10-30,economic crisis,4.18%
2022-10-31,economic crisis,4.66%
2022-11-01,economic crisis,3.92%
2022-11-02,economic crisis,4.82%
2022-11-03,economic crisis,6.02%
2022-11-04,economic crisis,5.13%
2022-11-05,economic crisis,3.98%
2022-11-06,economic crisis,4.64%
2022-11-07,economic crisis,4.17%
2022-11-08,economic crisis,5.96%
2022-11-09,economic crisis,5.41%
2022-11-10,economic crisis,4.34%
2022-11-11,economic crisis,2.52%
2022-11-12,economic crisis,1.79%
2022-11-13,economic crisis,5.30%
2022-11-14,economic crisis,4.21%
2022-11-15,economic crisis,5.77%
2022-11-16,economic crisis,3.45%
2022-01-01,Other,5.65%
2022-01-02,Other,16.47%
2022-01-03,Other,26.07%
2022-01-04,Other,7.75%
2022-01-05,Other,19.22%
2022-01-06,Other,35.70%
2022-01-07,Other,32.58%
2022-01-08,Other,45.75%
2022-01-09,Other,13.67%
2022-01-10,Other,20.99%
2022-01-11,Other,25.33%
2022-01-12,Other,4.19%
2022-01-13,Other,18.47%
2022-01-14,Other,46.08%
2022-01-15,Other,60.86%
2022-01-16,Other,73.01%
2022-01-17,Other,58.94%
2022-01-18,Other,49.30%
2022-01-19,Other,48.50%
2022-01-20,Other,39.75%
2022-01-21,Other,40.99%
2022-01-22,Other,50.86%
2022-01-23,Other,59.17%
2022-01-24,Other,41.55%
2022-01-25,Other,24.36%
2022-01-26,Other,32.92%
2022-01-27,Other,32.25%
2022-01-28,Other,38.99%
2022-01-29,Other,38.95%
2022-01-30,Other,12.41%
2022-01-31,Other,25.33%
2022-02-01,Other,38.70%
2022-02-02,Other,31.85%
2022-02-03,Other,27.25%
2022-02-04,Other,40.00%
2022-02-05,Other,21.66%
2022-02-06,Other,29.93%
2022-02-07,Other,37.94%
2022-02-08,Other,16.44%
2022-02-09,Other,36.82%
2022-02-10,Other,37.66%
2022-02-11,Other,52.19%
2022-02-12,Other,45.69%
2022-02-13,Other,49.81%
2022-02-14,Other,36.37%
2022-02-15,Other,47.66%
2022-02-16,Other,38.64%
2022-02-17,Other,55.76%
2022-02-18,Other,51.30%
2022-02-19,Other,50.57%
2022-02-20,Other,42.89%
2022-02-21,Other,61.00%
2022-02-22,Other,25.07%
2022-02-23,Other,9.74%
2022-02-24,Other,28.70%
2022-02-25,Other,31.30%
2022-02-26,Other,44.49%
2022-02-27,Other,29.48%
2022-02-28,Other,34.56%
2022-03-01,Other,44.84%
2022-03-02,Other,38.30%
2022-03-03,Other,38.95%
2022-03-04,Other,16.16%
2022-03-05,Other,28.55%
2022-03-06,Other,24.82%
2022-03-07,Other,30.94%
2022-03-08,Other,25.69%
2022-03-09,Other,27.64%
2022-03-10,Other,30.29%
2022-03-11,Other,30.35%
2022-03-12,Other,38.76%
2022-03-13,Other,40.08%
2022-03-14,Other,31.76%
2022-03-15,Other,36.10%
2022-03-16,Other,39.89%
2022-03-17,Other,43.05%
2022-03-18,Other,47.36%
2022-03-19,Other,54.88%
2022-03-20,Other,45.99%
2022-03-21,Other,48.32%
2022-03-22,Other,37.42%
2022-03-23,Other,20.98%
2022-03-24,Other,16.55%
2022-03-25,Other,23.94%
2022-03-26,Other,34.38%
2022-03-27,Other,36.74%
2022-03-28,Other,44.58%
2022-03-29,Other,42.43%
2022-03-30,Other,37.94%
2022-03-31,Other,25.27%
2022-04-01,Other,17.65%
2022-04-02,Other,28.22%
2022-04-03,Other,31.36%
2022-04-04,Other,35.10%
2022-04-05,Other,37.32%
2022-04-06,Other,27.65%
2022-04-07,Other,30.58%
2022-04-08,Other,30.58%
2022-04-09,Other,53.52%
2022-04-10,Other,42.91%
2022-04-11,Other,39.99%
2022-04-12,Other,37.08%
2022-04-13,Other,46.07%
2022-04-14,Other,47.16%
2022-04-15,Other,61.86%
2022-04-16,Other,60.17%
2022-04-17,Other,64.42%
2022-04-18,Other,60.51%
2022-04-19,Other,59.18%
2022-04-20,Other,51.94%
2022-04-21,Other,50.34%
2022-04-22,Other,54.34%
2022-04-23,Other,64.46%
2022-04-24,Other,56.73%
2022-04-25,Other,47.70%
2022-04-26,Other,31.30%
2022-04-27,Other,13.18%
2022-04-28,Other,33.01%
2022-04-29,Other,52.49%
2022-04-30,Other,57.95%
2022-05-01,Other,56.02%
2022-05-02,Other,46.96%
2022-05-03,Other,47.46%
2022-05-04,Other,22.83%
2022-05-05,Other,39.58%
2022-05-06,Other,49.98%
2022-05-07,Other,58.53%
2022-05-08,Other,60.75%
2022-05-09,Other,48.36%
2022-05-10,Other,42.34%
2022-05-11,Other,30.05%
2022-05-12,Other,30.49%
2022-05-13,Other,34.96%
2022-05-14,Other,44.37%
2022-05-15,Other,43.53%
2022-05-16,Other,26.65%
2022-05-17,Other,43.79%
2022-05-18,Other,45.97%
2022-05-19,Other,40.31%
2022-05-20,Other,37.74%
2022-05-21,Other,32.42%
2022-05-22,Other,50.79%
2022-05-23,Other,47.66%
2022-05-24,Other,44.29%
2022-05-25,Other,41.46%
2022-05-26,Other,30.60%
2022-05-27,Other,34.27%
2022-05-28,Other,48.68%
2022-05-29,Other,56.22%
2022-05-30,Other,21.00%
2022-05-31,Other,1.58%
2022-06-01,Other,36.10%
2022-06-02,Other,51.86%
2022-06-03,Other,31.19%
2022-06-04,Other,55.74%
2022-06-05,Other,57.27%
2022-06-06,Other,51.97%
2022-06-07,Other,44.78%
2022-06-08,Other,11.92%
2022-06-09,Other,32.81%
2022-06-10,Other,50.84%
2022-06-11,Other,46.28%
2022-06-12,Other,45.43%
2022-06-13,Other,49.94%
2022-06-14,Other,44.04%
2022-06-15,Other,31.96%
2022-06-16,Other,50.79%
2022-06-17,Other,49.20%
2022-06-18,Other,45.05%
2022-06-19,Other,35.63%
2022-06-20,Other,27.95%
2022-06-21,Other,26.75%
2022-06-22,Other,27.42%
2022-06-23,Other,37.17%
2022-06-24,Other,41.59%
2022-06-25,Other,44.38%
2022-06-26,Other,32.44%
2022-06-27,Other,24.06%
2022-06-28,Other,18.92%
2022-06-29,Other,22.28%
2022-06-30,Other,28.51%
2022-07-01,Other,39.43%
2022-07-02,Other,51.22%
2022-07-03,Other,65.53%
2022-07-04,Other,56.32%
2022-07-05,Other,50.69%
2022-07-06,Other,26.63%
2022-07-07,Other,40.17%
2022-07-08,Other,48.27%
2022-07-09,Other,58.77%
2022-07-10,Other,56.58%
2022-07-11,Other,52.65%
2022-07-12,Other,49.53%
2022-07-13,Other,10.30%
2022-07-14,Other,35.63%
2022-07-15,Other,32.60%
2022-07-16,Other,45.60%
2022-07-17,Other,57.96%
2022-07-18,Other,31.61%
2022-07-19,Other,17.20%
2022-07-20,Other,32.94%
2022-07-21,Other,29.63%
2022-07-22,Other,16.46%
2022-07-23,Other,11.37%
2022-07-24,Other,18.64%
2022-07-25,Other,34.25%
2022-07-26,Other,33.17%
2022-07-27,Other,32.26%
2022-07-28,Other,49.15%
2022-07-29,Other,40.70%
2022-07-30,Other,44.91%
2022-07-31,Other,50.80%
2022-08-01,Other,21.65%
2022-08-02,Other,27.63%
2022-08-03,Other,7.48%
2022-08-04,Other,27.59%
2022-08-05,Other,16.61%
2022-08-06,Other,35.91%
2022-08-07,Other,17.79%
2022-08-08,Other,11.92%
2022-08-09,Other,37.05%
2022-08-10,Other,35.44%
2022-08-11,Other,45.29%
2022-08-12,Other,27.68%
2022-08-13,Other,38.72%
2022-08-14,Other,18.57%
2022-08-15,Other,37.86%
2022-08-16,Other,29.15%
2022-08-17,Other,31.93%
2022-08-18,Other,16.45%
2022-08-19,Other,35.92%
2022-08-20,Other,41.25%
2022-08-21,Other,43.37%
2022-08-22,Other,46.94%
2022-08-23,Other,45.35%
2022-08-24,Other,56.88%
2022-08-25,Other,42.23%
2022-08-26,Other,22.32%
2022-08-27,Other,25.25%
2022-08-28,Other,12.51%
2022-08-29,Other,19.44%
2022-08-30,Other,45.48%
2022-08-31,Other,30.11%
2022-09-01,Other,26.42%
2022-09-02,Other,23.31%
2022-09-03,Other,12.52%
2022-09-04,Other,27.34%
2022-09-05,Other,16.93%
2022-09-06,Other,30.62%
2022-09-07,Other,22.73%
2022-09-08,Other,36.68%
2022-09-09,Other,37.16%
2022-09-10,Other,57.89%
2022-09-11,Other,57.49%
2022-09-12,Other,58.01%
2022-09-13,Other,59.30%
2022-09-14,Other,50.57%
2022-09-15,Other,52.49%
2022-09-16,Other,56.63%
2022-09-17,Other,59.18%
2022-09-18,Other,59.76%
2022-09-19,Other,40.12%
2022-09-20,Other,54.14%
2022-09-21,Other,36.85%
2022-09-22,Other,51.59%
2022-09-23,Other,58.46%
2022-09-24,Other,49.55%
2022-09-25,Other,51.51%
2022-09-26,Other,41.12%
2022-09-27,Other,45.31%
2022-09-28,Other,39.96%
2022-09-29,Other,50.52%
2022-09-30,Other,46.09%
2022-10-01,Other,37.69%
2022-10-02,Other,42.77%
2022-10-03,Other,37.33%
2022-10-04,Other,58.46%
2022-10-05,Other,49.25%
2022-10-06,Other,27.58%
2022-10-07,Other,35.82%
2022-10-08,Other,54.61%
2022-10-09,Other,67.35%
2022-10-10,Other,60.43%
2022-10-11,Other,41.42%
2022-10-12,Other,26.34%
2022-10-13,Other,38.99%
2022-10-14,Other,50.56%
2022-10-15,Other,58.15%
2022-10-16,Other,61.98%
2022-10-17,Other,54.05%
2022-10-18,Other,41.64%
2022-10-19,Other,56.30%
2022-10-20,Other,41.79%
2022-10-21,Other,52.74%
2022-10-22,Other,51.11%
2022-10-23,Other,56.37%
2022-10-24,Other,47.37%
2022-10-25,Other,43.22%
2022-10-26,Other,36.91%
2022-10-27,Other,31.64%
2022-10-28,Other,45.16%
2022-10-29,Other,40.63%
2022-10-30,Other,16.32%
2022-10-31,Other,20.38%
2022-11-01,Other,21.65%
2022-11-02,Other,12.73%
2022-11-03,Other,17.33%
2022-11-04,Other,23.49%
2022-11-05,Other,44.24%
2022-11-06,Other,47.92%
2022-11-07,Other,42.16%
2022-11-08,Other,43.25%
2022-11-09,Other,53.99%
2022-11-10,Other,64.95%
2022-11-11,Other,74.99%
2022-11-12,Other,72.90%
2022-11-13,Other,64.09%
2022-11-14,Other,55.00%
2022-11-15,Other,37.67%
2022-11-16,Other,32.00%