Date,Keyword,"Percentage of articles about keyword"
2022-01-01,NATO,49.37%
2022-01-02,NATO,49.07%
2022-01-03,NATO,36.18%
2022-01-04,NATO,32.39%
2022-01-05,NATO,33.19%
2022-01-06,NATO,35.45%
2022-01-07,NATO,54.78%
2022-01-08,NATO,59.71%
2022-01-09,NATO,50.40%
2022-01-10,NATO,64.01%
2022-01-11,NATO,64.98%
2022-01-12,NATO,65.58%
2022-01-13,NATO,57.44%
2022-01-14,NATO,59.20%
2022-01-15,NATO,65.96%
2022-01-16,NATO,63.13%
2022-01-17,NATO,59.54%
2022-01-18,NATO,60.77%
2022-01-19,NATO,58.41%
2022-01-20,NATO,47.60%
2022-01-21,NATO,45.66%
2022-01-22,NATO,61.90%
2022-01-23,NATO,54.02%
2022-01-24,NATO,52.97%
2022-01-25,NATO,50.22%
2022-01-26,NATO,43.60%
2022-01-27,NATO,52.42%
2022-01-28,NATO,46.31%
2022-01-29,NATO,55.67%
2022-01-30,NATO,43.89%
2022-01-31,NATO,34.06%
2022-02-01,NATO,42.09%
2022-02-02,NATO,53.93%
2022-02-03,NATO,55.57%
2022-02-04,NATO,50.42%
2022-02-05,NATO,59.08%
2022-02-06,NATO,46.32%
2022-02-07,NATO,44.58%
2022-02-08,NATO,43.65%
2022-02-09,NATO,40.53%
2022-02-10,NATO,48.99%
2022-02-11,NATO,59.00%
2022-02-12,NATO,50.94%
2022-02-13,NATO,37.05%
2022-02-14,NATO,46.05%
2022-02-15,NATO,38.22%
2022-02-16,NATO,52.64%
2022-02-17,NATO,57.00%
2022-02-18,NATO,42.12%
2022-02-19,NATO,25.05%
2022-02-20,NATO,30.70%
2022-02-21,NATO,27.21%
2022-02-22,NATO,17.42%
2022-02-23,NATO,17.22%
2022-02-24,NATO,21.30%
2022-02-25,NATO,19.87%
2022-02-26,NATO,19.11%
2022-02-27,NATO,11.82%
2022-02-28,NATO,9.94%
2022-03-01,NATO,15.81%
2022-03-02,NATO,11.99%
2022-03-03,NATO,10.42%
2022-03-04,NATO,10.67%
2022-03-05,NATO,22.68%
2022-03-06,NATO,16.58%
2022-03-07,NATO,12.90%
2022-03-08,NATO,10.44%
2022-03-09,NATO,15.86%
2022-03-10,NATO,15.50%
2022-03-11,NATO,10.81%
2022-03-12,NATO,12.38%
2022-03-13,NATO,22.57%
2022-03-14,NATO,19.46%
2022-03-15,NATO,17.31%
2022-03-16,NATO,22.74%
2022-03-17,NATO,20.68%
2022-03-18,NATO,16.99%
2022-03-19,NATO,23.61%
2022-03-20,NATO,14.94%
2022-03-21,NATO,19.62%
2022-03-22,NATO,17.54%
2022-03-23,NATO,19.33%
2022-03-24,NATO,30.98%
2022-03-25,NATO,22.67%
2022-03-26,NATO,23.34%
2022-03-27,NATO,17.39%
2022-03-28,NATO,17.90%
2022-03-29,NATO,17.15%
2022-03-30,NATO,13.25%
2022-03-31,NATO,10.03%
2022-04-01,NATO,7.37%
2022-04-02,NATO,9.55%
2022-04-03,NATO,9.11%
2022-04-04,NATO,13.87%
2022-04-05,NATO,11.68%
2022-04-06,NATO,9.55%
2022-04-07,NATO,16.12%
2022-04-08,NATO,18.85%
2022-04-09,NATO,19.34%
2022-04-10,NATO,13.31%
2022-04-11,NATO,12.25%
2022-04-12,NATO,9.51%
2022-04-13,NATO,18.99%
2022-04-14,NATO,21.32%
2022-04-15,NATO,17.36%
2022-04-16,NATO,13.05%
2022-04-17,NATO,10.35%
2022-04-18,NATO,12.84%
2022-04-19,NATO,17.40%
2022-04-20,NATO,16.72%
2022-04-21,NATO,16.00%
2022-04-22,NATO,10.29%
2022-04-23,NATO,11.83%
2022-04-24,NATO,13.67%
2022-04-25,NATO,19.75%
2022-04-26,NATO,20.56%
2022-04-27,NATO,14.43%
2022-04-28,NATO,15.73%
2022-04-29,NATO,23.51%
2022-04-30,NATO,17.96%
2022-05-01,NATO,14.94%
2022-05-02,NATO,8.97%
2022-05-03,NATO,15.11%
2022-05-04,NATO,10.06%
2022-05-05,NATO,12.33%
2022-05-06,NATO,14.13%
2022-05-07,NATO,11.17%
2022-05-08,NATO,7.25%
2022-05-09,NATO,16.42%
2022-05-10,NATO,19.47%
2022-05-11,NATO,12.61%
2022-05-12,NATO,26.41%
2022-05-13,NATO,26.62%
2022-05-14,NATO,37.01%
2022-05-15,NATO,59.29%
2022-05-16,NATO,38.71%
2022-05-17,NATO,35.86%
2022-05-18,NATO,38.51%
2022-05-19,NATO,24.60%
2022-05-20,NATO,20.65%
2022-05-21,NATO,12.56%
2022-05-22,NATO,15.53%
2022-05-23,NATO,7.03%
2022-05-24,NATO,12.05%
2022-05-25,NATO,18.86%
2022-05-26,NATO,14.34%
2022-05-27,NATO,11.72%
2022-05-28,NATO,13.39%
2022-05-29,NATO,11.25%
2022-05-30,NATO,7.45%
2022-05-31,NATO,7.84%
2022-06-01,NATO,14.25%
2022-06-02,NATO,16.80%
2022-06-03,NATO,10.15%
2022-06-04,NATO,15.87%
2022-06-05,NATO,11.62%
2022-06-06,NATO,9.84%
2022-06-07,NATO,8.54%
2022-06-08,NATO,8.87%
2022-06-09,NATO,8.67%
2022-06-10,NATO,11.92%
2022-06-11,NATO,7.15%
2022-06-12,NATO,15.07%
2022-06-13,NATO,11.47%
2022-06-14,NATO,16.59%
2022-06-15,NATO,28.44%
2022-06-16,NATO,20.49%
2022-06-17,NATO,14.84%
2022-06-18,NATO,11.27%
2022-06-19,NATO,16.89%
2022-06-20,NATO,10.64%
2022-06-21,NATO,11.30%
2022-06-22,NATO,15.88%
2022-06-23,NATO,17.65%
2022-06-24,NATO,18.17%
2022-06-25,NATO,15.41%
2022-06-26,NATO,17.80%
2022-06-27,NATO,18.65%
2022-06-28,NATO,30.94%
2022-06-29,NATO,49.33%
2022-06-30,NATO,37.82%
2022-07-01,NATO,22.94%
2022-07-02,NATO,12.84%
2022-07-03,NATO,13.44%
2022-07-04,NATO,11.06%
2022-07-05,NATO,21.14%
2022-07-06,NATO,9.87%
2022-07-07,NATO,10.17%
2022-07-08,NATO,13.25%
2022-07-09,NATO,11.76%
2022-07-10,NATO,5.44%
2022-07-11,NATO,9.36%
2022-07-12,NATO,7.79%
2022-07-13,NATO,5.84%
2022-07-14,NATO,8.76%
2022-07-15,NATO,5.78%
2022-07-16,NATO,3.58%
2022-07-17,NATO,14.10%
2022-07-18,NATO,7.30%
2022-07-19,NATO,10.64%
2022-07-20,NATO,11.64%
2022-07-21,NATO,10.09%
2022-07-22,NATO,5.32%
2022-07-23,NATO,3.25%
2022-07-24,NATO,3.42%
2022-07-25,NATO,4.38%
2022-07-26,NATO,3.67%
2022-07-27,NATO,7.45%
2022-07-28,NATO,6.63%
2022-07-29,NATO,7.64%
2022-07-30,NATO,7.66%
2022-07-31,NATO,6.26%
2022-08-01,NATO,6.59%
2022-08-02,NATO,8.02%
2022-08-03,NATO,8.14%
2022-08-04,NATO,12.62%
2022-08-05,NATO,7.03%
2022-08-06,NATO,3.67%
2022-08-07,NATO,3.17%
2022-08-08,NATO,3.31%
2022-08-09,NATO,7.54%
2022-08-10,NATO,8.02%
2022-08-11,NATO,5.84%
2022-08-12,NATO,4.77%
2022-08-13,NATO,6.87%
2022-08-14,NATO,5.17%
2022-08-15,NATO,7.13%
2022-08-16,NATO,7.69%
2022-08-17,NATO,8.52%
2022-08-18,NATO,9.88%
2022-08-19,NATO,11.78%
2022-08-20,NATO,8.04%
2022-08-21,NATO,15.15%
2022-08-22,NATO,8.10%
2022-08-23,NATO,7.86%
2022-08-24,NATO,9.44%
2022-08-25,NATO,7.52%
2022-08-26,NATO,5.43%
2022-08-27,NATO,6.16%
2022-08-28,NATO,7.23%
2022-08-29,NATO,7.17%
2022-08-30,NATO,4.84%
2022-08-31,NATO,4.93%
2022-09-01,NATO,9.49%
2022-09-02,NATO,4.71%
2022-09-03,NATO,6.38%
2022-09-04,NATO,8.81%
2022-09-05,NATO,4.63%
2022-09-06,NATO,3.88%
2022-09-07,NATO,4.66%
2022-09-08,NATO,14.12%
2022-09-09,NATO,14.83%
2022-09-10,NATO,15.69%
2022-09-11,NATO,17.78%
2022-09-12,NATO,11.50%
2022-09-13,NATO,19.54%
2022-09-14,NATO,12.37%
2022-09-15,NATO,11.61%
2022-09-16,NATO,8.67%
2022-09-17,NATO,8.03%
2022-09-18,NATO,8.89%
2022-09-19,NATO,4.87%
2022-09-20,NATO,8.40%
2022-09-21,NATO,11.33%
2022-09-22,NATO,9.65%
2022-09-23,NATO,9.87%
2022-09-24,NATO,16.13%
2022-09-25,NATO,11.54%
2022-09-26,NATO,11.71%
2022-09-27,NATO,8.70%
2022-09-28,NATO,9.76%
2022-09-29,NATO,9.04%
2022-09-30,NATO,15.61%
2022-10-01,NATO,17.34%
2022-10-02,NATO,16.77%
2022-10-03,NATO,15.12%
2022-10-04,NATO,14.44%
2022-10-05,NATO,9.90%
2022-10-06,NATO,6.84%
2022-10-07,NATO,12.29%
2022-10-08,NATO,8.50%
2022-10-09,NATO,13.94%
2022-10-10,NATO,7.19%
2022-10-11,NATO,17.39%
2022-10-12,NATO,12.42%
2022-10-13,NATO,19.15%
2022-10-14,NATO,16.60%
2022-10-15,NATO,11.48%
2022-10-16,NATO,7.95%
2022-10-17,NATO,10.72%
2022-10-18,NATO,7.87%
2022-10-19,NATO,7.80%
2022-10-20,NATO,6.77%
2022-10-21,NATO,11.08%
2022-10-22,NATO,12.52%
2022-10-23,NATO,10.44%
2022-10-24,NATO,8.73%
2022-10-25,NATO,8.82%
2022-10-26,NATO,12.13%
2022-10-27,NATO,9.58%
2022-10-28,NATO,8.96%
2022-10-29,NATO,5.86%
2022-10-30,NATO,5.16%
2022-10-31,NATO,5.67%
2022-11-01,NATO,5.53%
2022-11-02,NATO,6.25%
2022-11-03,NATO,5.27%
2022-11-04,NATO,5.06%
2022-11-05,NATO,11.13%
2022-11-06,NATO,5.44%
2022-11-07,NATO,6.45%
2022-11-08,NATO,8.00%
2022-11-09,NATO,12.42%
2022-11-10,NATO,13.45%
2022-11-11,NATO,7.60%
2022-11-12,NATO,10.27%
2022-11-13,NATO,7.53%
2022-11-14,NATO,5.40%
2022-11-15,NATO,12.08%
2022-11-16,NATO,45.77%
2022-01-01,refugee,0.00%
2022-01-02,refugee,0.21%
2022-01-03,refugee,0.24%
2022-01-04,refugee,0.12%
2022-01-05,refugee,0.07%
2022-01-06,refugee,0.09%
2022-01-07,refugee,0.22%
2022-01-08,refugee,0.08%
2022-01-09,refugee,0.05%
2022-01-10,refugee,0.10%
2022-01-11,refugee,0.11%
2022-01-12,refugee,0.41%
2022-01-13,refugee,0.15%
2022-01-14,refugee,0.24%
2022-01-15,refugee,0.19%
2022-01-16,refugee,0.16%
2022-01-17,refugee,0.24%
2022-01-18,refugee,0.45%
2022-01-19,refugee,0.32%
2022-01-20,refugee,0.29%
2022-01-21,refugee,0.14%
2022-01-22,refugee,0.19%
2022-01-23,refugee,0.12%
2022-01-24,refugee,0.19%
2022-01-25,refugee,0.11%
2022-01-26,refugee,0.16%
2022-01-27,refugee,0.34%
2022-01-28,refugee,0.22%
2022-01-29,refugee,0.06%
2022-01-30,refugee,0.04%
2022-01-31,refugee,0.26%
2022-02-01,refugee,1.24%
2022-02-02,refugee,0.33%
2022-02-03,refugee,0.53%
2022-02-04,refugee,0.40%
2022-02-05,refugee,0.14%
2022-02-06,refugee,1.87%
2022-02-07,refugee,1.11%
2022-02-08,refugee,0.42%
2022-02-09,refugee,1.38%
2022-02-10,refugee,2.77%
2022-02-11,refugee,0.69%
2022-02-12,refugee,1.04%
2022-02-13,refugee,1.62%
2022-02-14,refugee,4.35%
2022-02-15,refugee,0.72%
2022-02-16,refugee,1.25%
2022-02-17,refugee,0.93%
2022-02-18,refugee,1.06%
2022-02-19,refugee,2.05%
2022-02-20,refugee,1.93%
2022-02-21,refugee,1.13%
2022-02-22,refugee,0.78%
2022-02-23,refugee,0.80%
2022-02-24,refugee,3.58%
2022-02-25,refugee,5.65%
2022-02-26,refugee,9.88%
2022-02-27,refugee,10.29%
2022-02-28,refugee,12.27%
2022-03-01,refugee,13.67%
2022-03-02,refugee,11.57%
2022-03-03,refugee,23.77%
2022-03-04,refugee,10.00%
2022-03-05,refugee,12.75%
2022-03-06,refugee,19.04%
2022-03-07,refugee,19.30%
2022-03-08,refugee,17.47%
2022-03-09,refugee,14.65%
2022-03-10,refugee,15.97%
2022-03-11,refugee,18.07%
2022-03-12,refugee,23.44%
2022-03-13,refugee,32.09%
2022-03-14,refugee,20.65%
2022-03-15,refugee,17.87%
2022-03-16,refugee,16.92%
2022-03-17,refugee,19.22%
2022-03-18,refugee,21.36%
2022-03-19,refugee,27.66%
2022-03-20,refugee,26.18%
2022-03-21,refugee,18.11%
2022-03-22,refugee,18.27%
2022-03-23,refugee,15.69%
2022-03-24,refugee,13.49%
2022-03-25,refugee,18.69%
2022-03-26,refugee,24.35%
2022-03-27,refugee,18.40%
2022-03-28,refugee,16.88%
2022-03-29,refugee,12.57%
2022-03-30,refugee,14.76%
2022-03-31,refugee,14.58%
2022-04-01,refugee,14.76%
2022-04-02,refugee,15.75%
2022-04-03,refugee,13.59%
2022-04-04,refugee,9.74%
2022-04-05,refugee,10.98%
2022-04-06,refugee,9.28%
2022-04-07,refugee,8.64%
2022-04-08,refugee,9.13%
2022-04-09,refugee,11.39%
2022-04-10,refugee,14.88%
2022-04-11,refugee,10.64%
2022-04-12,refugee,11.58%
2022-04-13,refugee,8.71%
2022-04-14,refugee,9.93%
2022-04-15,refugee,13.43%
2022-04-16,refugee,15.98%
2022-04-17,refugee,15.92%
2022-04-18,refugee,8.45%
2022-04-19,refugee,9.22%
2022-04-20,refugee,18.68%
2022-04-21,refugee,15.45%
2022-04-22,refugee,12.74%
2022-04-23,refugee,15.98%
2022-04-24,refugee,13.46%
2022-04-25,refugee,7.82%
2022-04-26,refugee,6.02%
2022-04-27,refugee,3.38%
2022-04-28,refugee,7.38%
2022-04-29,refugee,7.72%
2022-04-30,refugee,6.71%
2022-05-01,refugee,12.02%
2022-05-02,refugee,11.82%
2022-05-03,refugee,8.94%
2022-05-04,refugee,6.05%
2022-05-05,refugee,6.13%
2022-05-06,refugee,15.58%
2022-05-07,refugee,17.90%
2022-05-08,refugee,12.64%
2022-05-09,refugee,5.88%
2022-05-10,refugee,9.73%
2022-05-11,refugee,4.92%
2022-05-12,refugee,7.67%
2022-05-13,refugee,10.50%
2022-05-14,refugee,3.69%
2022-05-15,refugee,2.75%
2022-05-16,refugee,4.84%
2022-05-17,refugee,12.13%
2022-05-18,refugee,5.12%
2022-05-19,refugee,5.27%
2022-05-20,refugee,5.65%
2022-05-21,refugee,8.99%
2022-05-22,refugee,15.01%
2022-05-23,refugee,10.14%
2022-05-24,refugee,10.56%
2022-05-25,refugee,9.67%
2022-05-26,refugee,3.48%
2022-05-27,refugee,3.73%
2022-05-28,refugee,5.47%
2022-05-29,refugee,4.70%
2022-05-30,refugee,2.20%
2022-05-31,refugee,2.60%
2022-06-01,refugee,7.49%
2022-06-02,refugee,8.86%
2022-06-03,refugee,5.73%
2022-06-04,refugee,7.51%
2022-06-05,refugee,7.20%
2022-06-06,refugee,5.07%
2022-06-07,refugee,3.05%
2022-06-08,refugee,1.50%
2022-06-09,refugee,2.65%
2022-06-10,refugee,4.11%
2022-06-11,refugee,2.00%
2022-06-12,refugee,2.33%
2022-06-13,refugee,4.00%
2022-06-14,refugee,7.98%
2022-06-15,refugee,4.00%
2022-06-16,refugee,9.27%
2022-06-17,refugee,4.03%
2022-06-18,refugee,6.50%
2022-06-19,refugee,4.02%
2022-06-20,refugee,7.86%
2022-06-21,refugee,12.15%
2022-06-22,refugee,7.42%
2022-06-23,refugee,4.88%
2022-06-24,refugee,4.02%
2022-06-25,refugee,4.09%
2022-06-26,refugee,1.66%
2022-06-27,refugee,1.47%
2022-06-28,refugee,1.78%
2022-06-29,refugee,3.43%
2022-06-30,refugee,2.20%
2022-07-01,refugee,1.84%
2022-07-02,refugee,2.75%
2022-07-03,refugee,6.74%
2022-07-04,refugee,9.27%
2022-07-05,refugee,6.96%
2022-07-06,refugee,3.89%
2022-07-07,refugee,2.86%
2022-07-08,refugee,1.98%
2022-07-09,refugee,2.64%
2022-07-10,refugee,5.06%
2022-07-11,refugee,7.42%
2022-07-12,refugee,4.07%
2022-07-13,refugee,3.85%
2022-07-14,refugee,5.08%
2022-07-15,refugee,5.20%
2022-07-16,refugee,4.33%
2022-07-17,refugee,3.23%
2022-07-18,refugee,5.13%
2022-07-19,refugee,3.45%
2022-07-20,refugee,18.36%
2022-07-21,refugee,8.99%
2022-07-22,refugee,2.16%
2022-07-23,refugee,2.38%
2022-07-24,refugee,1.75%
2022-07-25,refugee,1.92%
2022-07-26,refugee,3.36%
2022-07-27,refugee,2.86%
2022-07-28,refugee,6.81%
2022-07-29,refugee,3.41%
2022-07-30,refugee,10.70%
2022-07-31,refugee,9.65%
2022-08-01,refugee,2.44%
2022-08-02,refugee,4.14%
2022-08-03,refugee,2.54%
2022-08-04,refugee,7.44%
2022-08-05,refugee,2.96%
2022-08-06,refugee,2.33%
2022-08-07,refugee,3.32%
2022-08-08,refugee,2.37%
2022-08-09,refugee,4.76%
2022-08-10,refugee,7.21%
2022-08-11,refugee,3.51%
2022-08-12,refugee,5.04%
2022-08-13,refugee,2.33%
2022-08-14,refugee,1.34%
2022-08-15,refugee,6.24%
2022-08-16,refugee,1.92%
2022-08-17,refugee,3.27%
2022-08-18,refugee,6.88%
2022-08-19,refugee,4.32%
2022-08-20,refugee,1.33%
2022-08-21,refugee,2.60%
2022-08-22,refugee,10.09%
2022-08-23,refugee,18.44%
2022-08-24,refugee,11.21%
2022-08-25,refugee,7.67%
2022-08-26,refugee,2.88%
2022-08-27,refugee,2.38%
2022-08-28,refugee,1.93%
2022-08-29,refugee,2.61%
2022-08-30,refugee,3.47%
2022-08-31,refugee,1.77%
2022-09-01,refugee,2.61%
2022-09-02,refugee,2.91%
2022-09-03,refugee,3.40%
2022-09-04,refugee,7.15%
2022-09-05,refugee,2.05%
2022-09-06,refugee,2.10%
2022-09-07,refugee,1.57%
2022-09-08,refugee,2.41%
2022-09-09,refugee,2.41%
2022-09-10,refugee,1.68%
2022-09-11,refugee,0.89%
2022-09-12,refugee,1.29%
2022-09-13,refugee,2.22%
2022-09-14,refugee,2.38%
2022-09-15,refugee,2.25%
2022-09-16,refugee,1.50%
2022-09-17,refugee,1.61%
2022-09-18,refugee,13.25%
2022-09-19,refugee,2.30%
2022-09-20,refugee,3.32%
2022-09-21,refugee,1.55%
2022-09-22,refugee,2.29%
2022-09-23,refugee,6.99%
2022-09-24,refugee,6.47%
2022-09-25,refugee,6.15%
2022-09-26,refugee,5.19%
2022-09-27,refugee,4.89%
2022-09-28,refugee,3.27%
2022-09-29,refugee,3.59%
2022-09-30,refugee,1.71%
2022-10-01,refugee,1.29%
2022-10-02,refugee,1.57%
2022-10-03,refugee,4.04%
2022-10-04,refugee,2.77%
2022-10-05,refugee,1.82%
2022-10-06,refugee,4.90%
2022-10-07,refugee,3.37%
2022-10-08,refugee,2.53%
2022-10-09,refugee,1.22%
2022-10-10,refugee,2.49%
2022-10-11,refugee,2.95%
2022-10-12,refugee,1.83%
2022-10-13,refugee,5.61%
2022-10-14,refugee,6.40%
2022-10-15,refugee,3.85%
2022-10-16,refugee,2.52%
2022-10-17,refugee,6.19%
2022-10-18,refugee,6.08%
2022-10-19,refugee,4.60%
2022-10-20,refugee,5.50%
2022-10-21,refugee,8.71%
2022-10-22,refugee,16.66%
2022-10-23,refugee,3.08%
2022-10-24,refugee,4.04%
2022-10-25,refugee,4.71%
2022-10-26,refugee,4.65%
2022-10-27,refugee,2.93%
2022-10-28,refugee,5.68%
2022-10-29,refugee,12.52%
2022-10-30,refugee,1.20%
2022-10-31,refugee,1.50%
2022-11-01,refugee,2.29%
2022-11-02,refugee,1.74%
2022-11-03,refugee,2.23%
2022-11-04,refugee,2.50%
2022-11-05,refugee,1.74%
2022-11-06,refugee,3.47%
2022-11-07,refugee,2.84%
2022-11-08,refugee,1.92%
2022-11-09,refugee,5.32%
2022-11-10,refugee,6.22%
2022-11-11,refugee,3.99%
2022-11-12,refugee,3.36%
2022-11-13,refugee,2.19%
2022-11-14,refugee,2.25%
2022-11-15,refugee,2.03%
2022-11-16,refugee,0.74%
2022-01-01,nuclear threat,1.48%
2022-01-02,nuclear threat,6.27%
2022-01-03,nuclear threat,18.17%
2022-01-04,nuclear threat,23.38%
2022-01-05,nuclear threat,4.55%
2022-01-06,nuclear threat,9.15%
2022-01-07,nuclear threat,7.74%
2022-01-08,nuclear threat,1.95%
2022-01-09,nuclear threat,1.88%
2022-01-10,nuclear threat,2.49%
2022-01-11,nuclear threat,2.99%
2022-01-12,nuclear threat,1.66%
2022-01-13,nuclear threat,4.98%
2022-01-14,nuclear threat,2.38%
2022-01-15,nuclear threat,1.88%
2022-01-16,nuclear threat,5.50%
2022-01-17,nuclear threat,3.09%
2022-01-18,nuclear threat,2.71%
2022-01-19,nuclear threat,3.85%
2022-01-20,nuclear threat,7.06%
2022-01-21,nuclear threat,7.05%
2022-01-22,nuclear threat,11.37%
2022-01-23,nuclear threat,3.27%
2022-01-24,nuclear threat,2.76%
2022-01-25,nuclear threat,1.94%
2022-01-26,nuclear threat,1.34%
2022-01-27,nuclear threat,5.79%
2022-01-28,nuclear threat,1.51%
2022-01-29,nuclear threat,3.11%
2022-01-30,nuclear threat,1.25%
2022-01-31,nuclear threat,5.11%
2022-02-01,nuclear threat,4.99%
2022-02-02,nuclear threat,2.28%
2022-02-03,nuclear threat,3.96%
2022-02-04,nuclear threat,3.23%
2022-02-05,nuclear threat,9.96%
2022-02-06,nuclear threat,8.62%
2022-02-07,nuclear threat,4.49%
2022-02-08,nuclear threat,2.35%
2022-02-09,nuclear threat,3.83%
2022-02-10,nuclear threat,2.24%
2022-02-11,nuclear threat,3.28%
2022-02-12,nuclear threat,3.45%
2022-02-13,nuclear threat,2.19%
2022-02-14,nuclear threat,1.09%
2022-02-15,nuclear threat,1.58%
2022-02-16,nuclear threat,2.11%
2022-02-17,nuclear threat,2.62%
2022-02-18,nuclear threat,18.21%
2022-02-19,nuclear threat,18.86%
2022-02-20,nuclear threat,20.91%
2022-02-21,nuclear threat,7.11%
2022-02-22,nuclear threat,2.66%
2022-02-23,nuclear threat,1.19%
2022-02-24,nuclear threat,6.07%
2022-02-25,nuclear threat,9.84%
2022-02-26,nuclear threat,5.63%
2022-02-27,nuclear threat,21.00%
2022-02-28,nuclear threat,21.60%
2022-03-01,nuclear threat,12.54%
2022-03-02,nuclear threat,7.70%
2022-03-03,nuclear threat,7.27%
2022-03-04,nuclear threat,36.50%
2022-03-05,nuclear threat,21.41%
2022-03-06,nuclear threat,11.02%
2022-03-07,nuclear threat,8.64%
2022-03-08,nuclear threat,5.08%
2022-03-09,nuclear threat,7.41%
2022-03-10,nuclear threat,8.14%
2022-03-11,nuclear threat,7.33%
2022-03-12,nuclear threat,6.49%
2022-03-13,nuclear threat,4.65%
2022-03-14,nuclear threat,5.38%
2022-03-15,nuclear threat,4.17%
2022-03-16,nuclear threat,4.37%
2022-03-17,nuclear threat,8.32%
2022-03-18,nuclear threat,6.29%
2022-03-19,nuclear threat,5.01%
2022-03-20,nuclear threat,3.98%
2022-03-21,nuclear threat,4.72%
2022-03-22,nuclear threat,4.82%
2022-03-23,nuclear threat,9.30%
2022-03-24,nuclear threat,9.39%
2022-03-25,nuclear threat,6.26%
2022-03-26,nuclear threat,7.78%
2022-03-27,nuclear threat,13.79%
2022-03-28,nuclear threat,9.68%
2022-03-29,nuclear threat,9.71%
2022-03-30,nuclear threat,5.24%
2022-03-31,nuclear threat,7.62%
2022-04-01,nuclear threat,12.89%
2022-04-02,nuclear threat,9.28%
2022-04-03,nuclear threat,5.22%
2022-04-04,nuclear threat,2.38%
2022-04-05,nuclear threat,1.79%
2022-04-06,nuclear threat,1.73%
2022-04-07,nuclear threat,3.96%
2022-04-08,nuclear threat,3.29%
2022-04-09,nuclear threat,3.83%
2022-04-10,nuclear threat,5.66%
2022-04-11,nuclear threat,2.55%
2022-04-12,nuclear threat,2.40%
2022-04-13,nuclear threat,1.92%
2022-04-14,nuclear threat,4.81%
2022-04-15,nuclear threat,9.44%
2022-04-16,nuclear threat,9.95%
2022-04-17,nuclear threat,12.11%
2022-04-18,nuclear threat,3.41%
2022-04-19,nuclear threat,3.35%
2022-04-20,nuclear threat,15.44%
2022-04-21,nuclear threat,5.44%
2022-04-22,nuclear threat,2.98%
2022-04-23,nuclear threat,5.22%
2022-04-24,nuclear threat,8.85%
2022-04-25,nuclear threat,3.16%
2022-04-26,nuclear threat,20.57%
2022-04-27,nuclear threat,7.66%
2022-04-28,nuclear threat,6.26%
2022-04-29,nuclear threat,4.15%
2022-04-30,nuclear threat,14.00%
2022-05-01,nuclear threat,8.64%
2022-05-02,nuclear threat,6.49%
2022-05-03,nuclear threat,2.84%
2022-05-04,nuclear threat,2.44%
2022-05-05,nuclear threat,4.06%
2022-05-06,nuclear threat,8.20%
2022-05-07,nuclear threat,7.69%
2022-05-08,nuclear threat,4.50%
2022-05-09,nuclear threat,3.91%
2022-05-10,nuclear threat,5.72%
2022-05-11,nuclear threat,3.12%
2022-05-12,nuclear threat,4.77%
2022-05-13,nuclear threat,3.92%
2022-05-14,nuclear threat,2.22%
2022-05-15,nuclear threat,2.62%
2022-05-16,nuclear threat,3.37%
2022-05-17,nuclear threat,3.28%
2022-05-18,nuclear threat,2.27%
2022-05-19,nuclear threat,5.74%
2022-05-20,nuclear threat,3.45%
2022-05-21,nuclear threat,5.33%
2022-05-22,nuclear threat,3.51%
2022-05-23,nuclear threat,6.62%
2022-05-24,nuclear threat,2.48%
2022-05-25,nuclear threat,1.57%
2022-05-26,nuclear threat,2.25%
2022-05-27,nuclear threat,1.51%
2022-05-28,nuclear threat,2.32%
2022-05-29,nuclear threat,7.83%
2022-05-30,nuclear threat,1.93%
2022-05-31,nuclear threat,0.81%
2022-06-01,nuclear threat,3.01%
2022-06-02,nuclear threat,2.56%
2022-06-03,nuclear threat,2.76%
2022-06-04,nuclear threat,1.74%
2022-06-05,nuclear threat,15.07%
2022-06-06,nuclear threat,6.05%
2022-06-07,nuclear threat,7.41%
2022-06-08,nuclear threat,2.31%
2022-06-09,nuclear threat,3.68%
2022-06-10,nuclear threat,3.44%
2022-06-11,nuclear threat,5.81%
2022-06-12,nuclear threat,3.72%
2022-06-13,nuclear threat,8.20%
2022-06-14,nuclear threat,3.49%
2022-06-15,nuclear threat,1.73%
2022-06-16,nuclear threat,2.64%
2022-06-17,nuclear threat,2.45%
2022-06-18,nuclear threat,2.98%
2022-06-19,nuclear threat,3.27%
2022-06-20,nuclear threat,3.35%
2022-06-21,nuclear threat,9.53%
2022-06-22,nuclear threat,2.52%
2022-06-23,nuclear threat,2.68%
2022-06-24,nuclear threat,2.16%
2022-06-25,nuclear threat,6.38%
2022-06-26,nuclear threat,3.99%
2022-06-27,nuclear threat,2.89%
2022-06-28,nuclear threat,1.88%
2022-06-29,nuclear threat,3.34%
2022-06-30,nuclear threat,2.01%
2022-07-01,nuclear threat,2.29%
2022-07-02,nuclear threat,3.74%
2022-07-03,nuclear threat,1.31%
2022-07-04,nuclear threat,2.14%
2022-07-05,nuclear threat,1.81%
2022-07-06,nuclear threat,7.55%
2022-07-07,nuclear threat,5.68%
2022-07-08,nuclear threat,2.01%
2022-07-09,nuclear threat,4.26%
2022-07-10,nuclear threat,2.31%
2022-07-11,nuclear threat,3.60%
2022-07-12,nuclear threat,7.04%
2022-07-13,nuclear threat,6.25%
2022-07-14,nuclear threat,4.22%
2022-07-15,nuclear threat,5.21%
2022-07-16,nuclear threat,8.28%
2022-07-17,nuclear threat,10.31%
2022-07-18,nuclear threat,4.02%
2022-07-19,nuclear threat,3.10%
2022-07-20,nuclear threat,3.45%
2022-07-21,nuclear threat,4.53%
2022-07-22,nuclear threat,2.45%
2022-07-23,nuclear threat,0.91%
2022-07-24,nuclear threat,0.94%
2022-07-25,nuclear threat,1.77%
2022-07-26,nuclear threat,1.45%
2022-07-27,nuclear threat,3.52%
2022-07-28,nuclear threat,4.59%
2022-07-29,nuclear threat,3.08%
2022-07-30,nuclear threat,4.60%
2022-07-31,nuclear threat,6.49%
2022-08-01,nuclear threat,6.81%
2022-08-02,nuclear threat,15.19%
2022-08-03,nuclear threat,10.72%
2022-08-04,nuclear threat,17.88%
2022-08-05,nuclear threat,6.42%
2022-08-06,nuclear threat,30.74%
2022-08-07,nuclear threat,20.71%
2022-08-08,nuclear threat,35.98%
2022-08-09,nuclear threat,29.13%
2022-08-10,nuclear threat,26.45%
2022-08-11,nuclear threat,23.69%
2022-08-12,nuclear threat,29.00%
2022-08-13,nuclear threat,27.17%
2022-08-14,nuclear threat,33.21%
2022-08-15,nuclear threat,21.45%
2022-08-16,nuclear threat,29.86%
2022-08-17,nuclear threat,20.72%
2022-08-18,nuclear threat,23.69%
2022-08-19,nuclear threat,33.38%
2022-08-20,nuclear threat,23.00%
2022-08-21,nuclear threat,11.67%
2022-08-22,nuclear threat,30.77%
2022-08-23,nuclear threat,18.82%
2022-08-24,nuclear threat,13.91%
2022-08-25,nuclear threat,30.18%
2022-08-26,nuclear threat,40.93%
2022-08-27,nuclear threat,49.16%
2022-08-28,nuclear threat,47.69%
2022-08-29,nuclear threat,51.60%
2022-08-30,nuclear threat,22.21%
2022-08-31,nuclear threat,27.99%
2022-09-01,nuclear threat,32.39%
2022-09-02,nuclear threat,29.45%
2022-09-03,nuclear threat,37.15%
2022-09-04,nuclear threat,19.71%
2022-09-05,nuclear threat,22.19%
2022-09-06,nuclear threat,23.26%
2022-09-07,nuclear threat,21.28%
2022-09-08,nuclear threat,21.39%
2022-09-09,nuclear threat,23.87%
2022-09-10,nuclear threat,18.78%
2022-09-11,nuclear threat,30.10%
2022-09-12,nuclear threat,24.48%
2022-09-13,nuclear threat,16.76%
2022-09-14,nuclear threat,7.71%
2022-09-15,nuclear threat,12.76%
2022-09-16,nuclear threat,10.08%
2022-09-17,nuclear threat,13.82%
2022-09-18,nuclear threat,21.90%
2022-09-19,nuclear threat,40.03%
2022-09-20,nuclear threat,17.33%
2022-09-21,nuclear threat,35.95%
2022-09-22,nuclear threat,34.79%
2022-09-23,nuclear threat,31.24%
2022-09-24,nuclear threat,24.70%
2022-09-25,nuclear threat,20.66%
2022-09-26,nuclear threat,22.95%
2022-09-27,nuclear threat,24.82%
2022-09-28,nuclear threat,16.84%
2022-09-29,nuclear threat,22.20%
2022-09-30,nuclear threat,22.58%
2022-10-01,nuclear threat,42.02%
2022-10-02,nuclear threat,41.42%
2022-10-03,nuclear threat,19.13%
2022-10-04,nuclear threat,28.79%
2022-10-05,nuclear threat,24.73%
2022-10-06,nuclear threat,31.02%
2022-10-07,nuclear threat,35.47%
2022-10-08,nuclear threat,35.19%
2022-10-09,nuclear threat,28.78%
2022-10-10,nuclear threat,14.48%
2022-10-11,nuclear threat,20.65%
2022-10-12,nuclear threat,30.32%
2022-10-13,nuclear threat,19.03%
2022-10-14,nuclear threat,16.33%
2022-10-15,nuclear threat,24.42%
2022-10-16,nuclear threat,22.26%
2022-10-17,nuclear threat,23.26%
2022-10-18,nuclear threat,20.08%
2022-10-19,nuclear threat,13.51%
2022-10-20,nuclear threat,10.32%
2022-10-21,nuclear threat,14.81%
2022-10-22,nuclear threat,7.53%
2022-10-23,nuclear threat,16.39%
2022-10-24,nuclear threat,29.28%
2022-10-25,nuclear threat,30.85%
2022-10-26,nuclear threat,31.68%
2022-10-27,nuclear threat,31.06%
2022-10-28,nuclear threat,26.85%
2022-10-29,nuclear threat,11.83%
2022-10-30,nuclear threat,6.52%
2022-10-31,nuclear threat,5.19%
2022-11-01,nuclear threat,13.63%
2022-11-02,nuclear threat,10.26%
2022-11-03,nuclear threat,25.41%
2022-11-04,nuclear threat,18.93%
2022-11-05,nuclear threat,14.19%
2022-11-06,nuclear threat,15.60%
2022-11-07,nuclear threat,10.83%
2022-11-08,nuclear threat,13.03%
2022-11-09,nuclear threat,12.16%
2022-11-10,nuclear threat,6.34%
2022-11-11,nuclear threat,7.29%
2022-11-12,nuclear threat,16.12%
2022-11-13,nuclear threat,8.77%
2022-11-14,nuclear threat,21.66%
2022-11-15,nuclear threat,11.49%
2022-11-16,nuclear threat,5.74%
2022-01-01,sanctions,43.44%
2022-01-02,sanctions,24.01%
2022-01-03,sanctions,27.40%
2022-01-04,sanctions,23.55%
2022-01-05,sanctions,19.40%
2022-01-06,sanctions,14.39%
2022-01-07,sanctions,13.54%
2022-01-08,sanctions,11.21%
2022-01-09,sanctions,19.84%
2022-01-10,sanctions,14.31%
2022-01-11,sanctions,18.11%
2022-01-12,sanctions,16.87%
2022-01-13,sanctions,21.59%
2022-01-14,sanctions,19.17%
2022-01-15,sanctions,14.99%
2022-01-16,sanctions,15.48%
2022-01-17,sanctions,20.50%
2022-01-18,sanctions,14.70%
2022-01-19,sanctions,14.32%
2022-01-20,sanctions,23.46%
2022-01-21,sanctions,32.74%
2022-01-22,sanctions,15.70%
2022-01-23,sanctions,28.36%
2022-01-24,sanctions,22.84%
2022-01-25,sanctions,21.61%
2022-01-26,sanctions,27.72%
2022-01-27,sanctions,14.49%
2022-01-28,sanctions,20.62%
2022-01-29,sanctions,15.27%
2022-01-30,sanctions,32.02%
2022-01-31,sanctions,28.51%
2022-02-01,sanctions,17.61%
2022-02-02,sanctions,16.81%
2022-02-03,sanctions,10.85%
2022-02-04,sanctions,12.19%
2022-02-05,sanctions,11.32%
2022-02-06,sanctions,16.22%
2022-02-07,sanctions,20.64%
2022-02-08,sanctions,15.46%
2022-02-09,sanctions,18.25%
2022-02-10,sanctions,16.57%
2022-02-11,sanctions,12.66%
2022-02-12,sanctions,14.06%
2022-02-13,sanctions,23.28%
2022-02-14,sanctions,19.25%
2022-02-15,sanctions,23.05%
2022-02-16,sanctions,13.06%
2022-02-17,sanctions,8.72%
2022-02-18,sanctions,11.17%
2022-02-19,sanctions,25.59%
2022-02-20,sanctions,22.81%
2022-02-21,sanctions,31.90%
2022-02-22,sanctions,50.97%
2022-02-23,sanctions,51.50%
2022-02-24,sanctions,38.99%
2022-02-25,sanctions,38.21%
2022-02-26,sanctions,41.85%
2022-02-27,sanctions,24.58%
2022-02-28,sanctions,32.22%
2022-03-01,sanctions,27.46%
2022-03-02,sanctions,30.26%
2022-03-03,sanctions,23.39%
2022-03-04,sanctions,14.21%
2022-03-05,sanctions,16.92%
2022-03-06,sanctions,22.18%
2022-03-07,sanctions,20.64%
2022-03-08,sanctions,19.09%
2022-03-09,sanctions,17.64%
2022-03-10,sanctions,21.79%
2022-03-11,sanctions,21.39%
2022-03-12,sanctions,24.82%
2022-03-13,sanctions,14.81%
2022-03-14,sanctions,21.22%
2022-03-15,sanctions,26.94%
2022-03-16,sanctions,27.17%
2022-03-17,sanctions,19.86%
2022-03-18,sanctions,18.43%
2022-03-19,sanctions,17.01%
2022-03-20,sanctions,15.94%
2022-03-21,sanctions,17.87%
2022-03-22,sanctions,24.66%
2022-03-23,sanctions,21.08%
2022-03-24,sanctions,21.06%
2022-03-25,sanctions,16.87%
2022-03-26,sanctions,11.88%
2022-03-27,sanctions,11.53%
2022-03-28,sanctions,14.81%
2022-03-29,sanctions,19.21%
2022-03-30,sanctions,17.44%
2022-03-31,sanctions,22.62%
2022-04-01,sanctions,11.68%
2022-04-02,sanctions,14.26%
2022-04-03,sanctions,21.46%
2022-04-04,sanctions,34.66%
2022-04-05,sanctions,33.08%
2022-04-06,sanctions,41.55%
2022-04-07,sanctions,30.48%
2022-04-08,sanctions,25.88%
2022-04-09,sanctions,28.03%
2022-04-10,sanctions,23.94%
2022-04-11,sanctions,25.69%
2022-04-12,sanctions,20.64%
2022-04-13,sanctions,19.80%
2022-04-14,sanctions,22.67%
2022-04-15,sanctions,12.72%
2022-04-16,sanctions,22.12%
2022-04-17,sanctions,25.95%
2022-04-18,sanctions,26.83%
2022-04-19,sanctions,21.50%
2022-04-20,sanctions,14.41%
2022-04-21,sanctions,24.61%
2022-04-22,sanctions,23.43%
2022-04-23,sanctions,16.61%
2022-04-24,sanctions,23.47%
2022-04-25,sanctions,15.93%
2022-04-26,sanctions,8.65%
2022-04-27,sanctions,13.46%
2022-04-28,sanctions,15.74%
2022-04-29,sanctions,14.63%
2022-04-30,sanctions,16.69%
2022-05-01,sanctions,7.40%
2022-05-02,sanctions,18.44%
2022-05-03,sanctions,26.79%
2022-05-04,sanctions,24.24%
2022-05-05,sanctions,16.49%
2022-05-06,sanctions,12.37%
2022-05-07,sanctions,22.32%
2022-05-08,sanctions,24.86%
2022-05-09,sanctions,19.86%
2022-05-10,sanctions,14.08%
2022-05-11,sanctions,11.64%
2022-05-12,sanctions,12.47%
2022-05-13,sanctions,15.46%
2022-05-14,sanctions,11.74%
2022-05-15,sanctions,6.83%
2022-05-16,sanctions,14.90%
2022-05-17,sanctions,11.75%
2022-05-18,sanctions,11.18%
2022-05-19,sanctions,19.10%
2022-05-20,sanctions,16.03%
2022-05-21,sanctions,12.75%
2022-05-22,sanctions,9.67%
2022-05-23,sanctions,23.12%
2022-05-24,sanctions,16.08%
2022-05-25,sanctions,16.29%
2022-05-26,sanctions,22.80%
2022-05-27,sanctions,29.49%
2022-05-28,sanctions,23.48%
2022-05-29,sanctions,22.93%
2022-05-30,sanctions,21.12%
2022-05-31,sanctions,22.55%
2022-06-01,sanctions,19.76%
2022-06-02,sanctions,19.09%
2022-06-03,sanctions,22.89%
2022-06-04,sanctions,17.78%
2022-06-05,sanctions,16.42%
2022-06-06,sanctions,18.74%
2022-06-07,sanctions,21.73%
2022-06-08,sanctions,18.22%
2022-06-09,sanctions,15.88%
2022-06-10,sanctions,18.22%
2022-06-11,sanctions,23.73%
2022-06-12,sanctions,16.57%
2022-06-13,sanctions,14.49%
2022-06-14,sanctions,15.97%
2022-06-15,sanctions,11.60%
2022-06-16,sanctions,17.58%
2022-06-17,sanctions,22.57%
2022-06-18,sanctions,14.42%
2022-06-19,sanctions,7.57%
2022-06-20,sanctions,12.85%
2022-06-21,sanctions,16.57%
2022-06-22,sanctions,17.13%
2022-06-23,sanctions,20.93%
2022-06-24,sanctions,15.03%
2022-06-25,sanctions,12.45%
2022-06-26,sanctions,21.33%
2022-06-27,sanctions,26.38%
2022-06-28,sanctions,19.86%
2022-06-29,sanctions,11.62%
2022-06-30,sanctions,14.52%
2022-07-01,sanctions,16.61%
2022-07-02,sanctions,15.70%
2022-07-03,sanctions,13.54%
2022-07-04,sanctions,16.35%
2022-07-05,sanctions,8.92%
2022-07-06,sanctions,13.32%
2022-07-07,sanctions,12.33%
2022-07-08,sanctions,14.79%
2022-07-09,sanctions,20.03%
2022-07-10,sanctions,18.59%
2022-07-11,sanctions,16.23%
2022-07-12,sanctions,15.27%
2022-07-13,sanctions,8.83%
2022-07-14,sanctions,11.48%
2022-07-15,sanctions,11.94%
2022-07-16,sanctions,19.22%
2022-07-17,sanctions,12.39%
2022-07-18,sanctions,21.74%
2022-07-19,sanctions,19.37%
2022-07-20,sanctions,13.94%
2022-07-21,sanctions,16.75%
2022-07-22,sanctions,7.67%
2022-07-23,sanctions,5.72%
2022-07-24,sanctions,14.93%
2022-07-25,sanctions,11.73%
2022-07-26,sanctions,20.08%
2022-07-27,sanctions,18.14%
2022-07-28,sanctions,14.32%
2022-07-29,sanctions,10.67%
2022-07-30,sanctions,18.14%
2022-07-31,sanctions,9.71%
2022-08-01,sanctions,9.09%
2022-08-02,sanctions,11.53%
2022-08-03,sanctions,9.95%
2022-08-04,sanctions,9.60%
2022-08-05,sanctions,11.13%
2022-08-06,sanctions,6.90%
2022-08-07,sanctions,5.67%
2022-08-08,sanctions,7.26%
2022-08-09,sanctions,15.24%
2022-08-10,sanctions,12.45%
2022-08-11,sanctions,19.65%
2022-08-12,sanctions,11.17%
2022-08-13,sanctions,12.86%
2022-08-14,sanctions,9.16%
2022-08-15,sanctions,13.77%
2022-08-16,sanctions,15.12%
2022-08-17,sanctions,12.81%
2022-08-18,sanctions,8.69%
2022-08-19,sanctions,5.18%
2022-08-20,sanctions,7.56%
2022-08-21,sanctions,19.51%
2022-08-22,sanctions,15.32%
2022-08-23,sanctions,13.17%
2022-08-24,sanctions,13.29%
2022-08-25,sanctions,13.21%
2022-08-26,sanctions,9.07%
2022-08-27,sanctions,6.56%
2022-08-28,sanctions,5.03%
2022-08-29,sanctions,4.95%
2022-08-30,sanctions,13.96%
2022-08-31,sanctions,7.21%
2022-09-01,sanctions,15.55%
2022-09-02,sanctions,8.30%
2022-09-03,sanctions,8.84%
2022-09-04,sanctions,16.89%
2022-09-05,sanctions,16.12%
2022-09-06,sanctions,21.75%
2022-09-07,sanctions,18.95%
2022-09-08,sanctions,10.80%
2022-09-09,sanctions,12.42%
2022-09-10,sanctions,6.64%
2022-09-11,sanctions,8.53%
2022-09-12,sanctions,11.60%
2022-09-13,sanctions,15.72%
2022-09-14,sanctions,27.75%
2022-09-15,sanctions,21.60%
2022-09-16,sanctions,22.55%
2022-09-17,sanctions,18.27%
2022-09-18,sanctions,14.40%
2022-09-19,sanctions,10.05%
2022-09-20,sanctions,14.02%
2022-09-21,sanctions,9.94%
2022-09-22,sanctions,12.19%
2022-09-23,sanctions,11.03%
2022-09-24,sanctions,15.63%
2022-09-25,sanctions,13.95%
2022-09-26,sanctions,17.63%
2022-09-27,sanctions,12.13%
2022-09-28,sanctions,21.07%
2022-09-29,sanctions,21.12%
2022-09-30,sanctions,24.99%
2022-10-01,sanctions,11.62%
2022-10-02,sanctions,7.82%
2022-10-03,sanctions,12.43%
2022-10-04,sanctions,11.59%
2022-10-05,sanctions,15.34%
2022-10-06,sanctions,6.94%
2022-10-07,sanctions,9.55%
2022-10-08,sanctions,6.80%
2022-10-09,sanctions,4.96%
2022-10-10,sanctions,6.44%
2022-10-11,sanctions,11.37%
2022-10-12,sanctions,6.77%
2022-10-13,sanctions,8.58%
2022-10-14,sanctions,9.17%
2022-10-15,sanctions,6.81%
2022-10-16,sanctions,6.34%
2022-10-17,sanctions,13.88%
2022-10-18,sanctions,14.80%
2022-10-19,sanctions,14.50%
2022-10-20,sanctions,23.55%
2022-10-21,sanctions,21.25%
2022-10-22,sanctions,10.26%
2022-10-23,sanctions,13.39%
2022-10-24,sanctions,9.35%
2022-10-25,sanctions,8.20%
2022-10-26,sanctions,8.47%
2022-10-27,sanctions,6.78%
2022-10-28,sanctions,10.28%
2022-10-29,sanctions,4.10%
2022-10-30,sanctions,3.30%
2022-10-31,sanctions,5.33%
2022-11-01,sanctions,5.41%
2022-11-02,sanctions,6.08%
2022-11-03,sanctions,5.96%
2022-11-04,sanctions,6.14%
2022-11-05,sanctions,6.38%
2022-11-06,sanctions,4.00%
2022-11-07,sanctions,10.57%
2022-11-08,sanctions,15.60%
2022-11-09,sanctions,10.59%
2022-11-10,sanctions,13.17%
2022-11-11,sanctions,11.04%
2022-11-12,sanctions,9.25%
2022-11-13,sanctions,7.71%
2022-11-14,sanctions,10.99%
2022-11-15,sanctions,9.75%
2022-11-16,sanctions,5.09%
2022-01-01,food crisis,0.96%
2022-01-02,food crisis,1.48%
2022-01-03,food crisis,0.42%
2022-01-04,food crisis,0.37%
2022-01-05,food crisis,0.52%
2022-01-06,food crisis,0.57%
2022-01-07,food crisis,0.24%
2022-01-08,food crisis,0.25%
2022-01-09,food crisis,0.05%
2022-01-10,food crisis,0.18%
2022-01-11,food crisis,0.56%
2022-01-12,food crisis,0.13%
2022-01-13,food crisis,0.65%
2022-01-14,food crisis,0.68%
2022-01-15,food crisis,0.95%
2022-01-16,food crisis,0.23%
2022-01-17,food crisis,0.53%
2022-01-18,food crisis,0.80%
2022-01-19,food crisis,0.23%
2022-01-20,food crisis,0.58%
2022-01-21,food crisis,0.51%
2022-01-22,food crisis,0.26%
2022-01-23,food crisis,0.39%
2022-01-24,food crisis,0.33%
2022-01-25,food crisis,0.59%
2022-01-26,food crisis,0.68%
2022-01-27,food crisis,1.00%
2022-01-28,food crisis,1.25%
2022-01-29,food crisis,0.85%
2022-01-30,food crisis,2.06%
2022-01-31,food crisis,1.24%
2022-02-01,food crisis,0.68%
2022-02-02,food crisis,1.50%
2022-02-03,food crisis,0.54%
2022-02-04,food crisis,0.70%
2022-02-05,food crisis,0.36%
2022-02-06,food crisis,0.25%
2022-02-07,food crisis,0.42%
2022-02-08,food crisis,0.43%
2022-02-09,food crisis,0.47%
2022-02-10,food crisis,0.72%
2022-02-11,food crisis,0.74%
2022-02-12,food crisis,0.49%
2022-02-13,food crisis,1.04%
2022-02-14,food crisis,0.87%
2022-02-15,food crisis,0.95%
2022-02-16,food crisis,0.79%
2022-02-17,food crisis,0.60%
2022-02-18,food crisis,0.74%
2022-02-19,food crisis,1.27%
2022-02-20,food crisis,1.88%
2022-02-21,food crisis,0.66%
2022-02-22,food crisis,0.53%
2022-02-23,food crisis,1.49%
2022-02-24,food crisis,2.54%
2022-02-25,food crisis,3.42%
2022-02-26,food crisis,2.97%
2022-02-27,food crisis,2.02%
2022-02-28,food crisis,2.22%
2022-03-01,food crisis,4.19%
2022-03-02,food crisis,5.60%
2022-03-03,food crisis,7.53%
2022-03-04,food crisis,5.19%
2022-03-05,food crisis,5.76%
2022-03-06,food crisis,8.98%
2022-03-07,food crisis,7.25%
2022-03-08,food crisis,8.98%
2022-03-09,food crisis,10.09%
2022-03-10,food crisis,6.49%
2022-03-11,food crisis,11.92%
2022-03-12,food crisis,10.81%
2022-03-13,food crisis,6.01%
2022-03-14,food crisis,9.72%
2022-03-15,food crisis,8.05%
2022-03-16,food crisis,6.82%
2022-03-17,food crisis,6.75%
2022-03-18,food crisis,7.35%
2022-03-19,food crisis,8.22%
2022-03-20,food crisis,10.95%
2022-03-21,food crisis,9.71%
2022-03-22,food crisis,10.13%
2022-03-23,food crisis,9.28%
2022-03-24,food crisis,6.07%
2022-03-25,food crisis,6.66%
2022-03-26,food crisis,8.46%
2022-03-27,food crisis,11.91%
2022-03-28,food crisis,9.14%
2022-03-29,food crisis,11.92%
2022-03-30,food crisis,11.80%
2022-03-31,food crisis,8.66%
2022-04-01,food crisis,6.56%
2022-04-02,food crisis,6.00%
2022-04-03,food crisis,7.36%
2022-04-04,food crisis,6.89%
2022-04-05,food crisis,5.76%
2022-04-06,food crisis,5.62%
2022-04-07,food crisis,5.57%
2022-04-08,food crisis,8.48%
2022-04-09,food crisis,7.93%
2022-04-10,food crisis,10.25%
2022-04-11,food crisis,10.08%
2022-04-12,food crisis,12.72%
2022-04-13,food crisis,10.16%
2022-04-14,food crisis,8.52%
2022-04-15,food crisis,16.71%
2022-04-16,food crisis,6.50%
2022-04-17,food crisis,11.06%
2022-04-18,food crisis,11.03%
2022-04-19,food crisis,14.29%
2022-04-20,food crisis,9.35%
2022-04-21,food crisis,9.70%
2022-04-22,food crisis,10.56%
2022-04-23,food crisis,12.07%
2022-04-24,food crisis,8.18%
2022-04-25,food crisis,5.50%
2022-04-26,food crisis,6.80%
2022-04-27,food crisis,3.42%
2022-04-28,food crisis,7.41%
2022-04-29,food crisis,8.07%
2022-04-30,food crisis,17.47%
2022-05-01,food crisis,14.96%
2022-05-02,food crisis,13.74%
2022-05-03,food crisis,9.87%
2022-05-04,food crisis,10.85%
2022-05-05,food crisis,12.64%
2022-05-06,food crisis,16.00%
2022-05-07,food crisis,15.78%
2022-05-08,food crisis,14.36%
2022-05-09,food crisis,11.39%
2022-05-10,food crisis,10.85%
2022-05-11,food crisis,18.69%
2022-05-12,food crisis,16.02%
2022-05-13,food crisis,14.70%
2022-05-14,food crisis,22.46%
2022-05-15,food crisis,14.11%
2022-05-16,food crisis,11.54%
2022-05-17,food crisis,9.84%
2022-05-18,food crisis,11.33%
2022-05-19,food crisis,17.65%
2022-05-20,food crisis,18.34%
2022-05-21,food crisis,10.17%
2022-05-22,food crisis,18.78%
2022-05-23,food crisis,14.77%
2022-05-24,food crisis,20.14%
2022-05-25,food crisis,23.08%
2022-05-26,food crisis,27.15%
2022-05-27,food crisis,26.59%
2022-05-28,food crisis,32.46%
2022-05-29,food crisis,21.62%
2022-05-30,food crisis,23.96%
2022-05-31,food crisis,19.49%
2022-06-01,food crisis,16.48%
2022-06-02,food crisis,12.08%
2022-06-03,food crisis,25.20%
2022-06-04,food crisis,30.57%
2022-06-05,food crisis,21.87%
2022-06-06,food crisis,30.62%
2022-06-07,food crisis,32.39%
2022-06-08,food crisis,40.73%
2022-06-09,food crisis,34.32%
2022-06-10,food crisis,23.06%
2022-06-11,food crisis,18.99%
2022-06-12,food crisis,24.67%
2022-06-13,food crisis,16.71%
2022-06-14,food crisis,14.84%
2022-06-15,food crisis,16.75%
2022-06-16,food crisis,16.55%
2022-06-17,food crisis,15.50%
2022-06-18,food crisis,30.64%
2022-06-19,food crisis,21.77%
2022-06-20,food crisis,20.45%
2022-06-21,food crisis,16.80%
2022-06-22,food crisis,14.95%
2022-06-23,food crisis,15.66%
2022-06-24,food crisis,25.75%
2022-06-25,food crisis,21.51%
2022-06-26,food crisis,11.57%
2022-06-27,food crisis,12.78%
2022-06-28,food crisis,11.43%
2022-06-29,food crisis,10.40%
2022-06-30,food crisis,13.88%
2022-07-01,food crisis,20.42%
2022-07-02,food crisis,22.11%
2022-07-03,food crisis,30.41%
2022-07-04,food crisis,23.56%
2022-07-05,food crisis,22.97%
2022-07-06,food crisis,14.96%
2022-07-07,food crisis,27.15%
2022-07-08,food crisis,25.65%
2022-07-09,food crisis,21.81%
2022-07-10,food crisis,28.45%
2022-07-11,food crisis,11.98%
2022-07-12,food crisis,21.10%
2022-07-13,food crisis,39.76%
2022-07-14,food crisis,29.86%
2022-07-15,food crisis,19.74%
2022-07-16,food crisis,18.89%
2022-07-17,food crisis,12.34%
2022-07-18,food crisis,16.60%
2022-07-19,food crisis,29.26%
2022-07-20,food crisis,18.45%
2022-07-21,food crisis,12.78%
2022-07-22,food crisis,61.77%
2022-07-23,food crisis,71.98%
2022-07-24,food crisis,59.30%
2022-07-25,food crisis,44.35%
2022-07-26,food crisis,25.00%
2022-07-27,food crisis,30.28%
2022-07-28,food crisis,30.44%
2022-07-29,food crisis,40.28%
2022-07-30,food crisis,21.44%
2022-07-31,food crisis,32.84%
2022-08-01,food crisis,48.44%
2022-08-02,food crisis,36.68%
2022-08-03,food crisis,41.68%
2022-08-04,food crisis,25.22%
2022-08-05,food crisis,41.84%
2022-08-06,food crisis,28.80%
2022-08-07,food crisis,43.59%
2022-08-08,food crisis,23.28%
2022-08-09,food crisis,11.33%
2022-08-10,food crisis,9.26%
2022-08-11,food crisis,12.32%
2022-08-12,food crisis,17.28%
2022-08-13,food crisis,12.23%
2022-08-14,food crisis,16.20%
2022-08-15,food crisis,15.33%
2022-08-16,food crisis,17.33%
2022-08-17,food crisis,21.99%
2022-08-18,food crisis,22.86%
2022-08-19,food crisis,14.30%
2022-08-20,food crisis,24.74%
2022-08-21,food crisis,14.02%
2022-08-22,food crisis,11.06%
2022-08-23,food crisis,10.06%
2022-08-24,food crisis,10.35%
2022-08-25,food crisis,7.12%
2022-08-26,food crisis,4.77%
2022-08-27,food crisis,7.80%
2022-08-28,food crisis,4.84%
2022-08-29,food crisis,3.28%
2022-08-30,food crisis,11.31%
2022-08-31,food crisis,5.96%
2022-09-01,food crisis,3.92%
2022-09-02,food crisis,7.43%
2022-09-03,food crisis,6.66%
2022-09-04,food crisis,4.48%
2022-09-05,food crisis,7.07%
2022-09-06,food crisis,3.15%
2022-09-07,food crisis,9.19%
2022-09-08,food crisis,10.59%
2022-09-09,food crisis,6.67%
2022-09-10,food crisis,13.91%
2022-09-11,food crisis,6.25%
2022-09-12,food crisis,14.27%
2022-09-13,food crisis,10.07%
2022-09-14,food crisis,10.16%
2022-09-15,food crisis,14.01%
2022-09-16,food crisis,12.71%
2022-09-17,food crisis,9.91%
2022-09-18,food crisis,10.37%
2022-09-19,food crisis,8.53%
2022-09-20,food crisis,16.01%
2022-09-21,food crisis,14.04%
2022-09-22,food crisis,11.43%
2022-09-23,food crisis,9.35%
2022-09-24,food crisis,10.48%
2022-09-25,food crisis,8.02%
2022-09-26,food crisis,5.84%
2022-09-27,food crisis,6.32%
2022-09-28,food crisis,4.75%
2022-09-29,food crisis,5.15%
2022-09-30,food crisis,3.29%
2022-10-01,food crisis,2.45%
2022-10-02,food crisis,2.70%
2022-10-03,food crisis,20.35%
2022-10-04,food crisis,6.64%
2022-10-05,food crisis,4.86%
2022-10-06,food crisis,6.03%
2022-10-07,food crisis,5.99%
2022-10-08,food crisis,4.96%
2022-10-09,food crisis,5.23%
2022-10-10,food crisis,4.04%
2022-10-11,food crisis,4.66%
2022-10-12,food crisis,2.31%
2022-10-13,food crisis,5.46%
2022-10-14,food crisis,8.05%
2022-10-15,food crisis,10.46%
2022-10-16,food crisis,3.61%
2022-10-17,food crisis,3.61%
2022-10-18,food crisis,4.67%
2022-10-19,food crisis,7.70%
2022-10-20,food crisis,4.45%
2022-10-21,food crisis,5.68%
2022-10-22,food crisis,8.30%
2022-10-23,food crisis,4.56%
2022-10-24,food crisis,5.92%
2022-10-25,food crisis,3.39%
2022-10-26,food crisis,6.64%
2022-10-27,food crisis,5.55%
2022-10-28,food crisis,6.13%
2022-10-29,food crisis,44.94%
2022-10-30,food crisis,66.79%
2022-10-31,food crisis,48.31%
2022-11-01,food crisis,38.92%
2022-11-02,food crisis,47.13%
2022-11-03,food crisis,29.23%
2022-11-04,food crisis,23.84%
2022-11-05,food crisis,22.60%
2022-11-06,food crisis,12.61%
2022-11-07,food crisis,12.50%
2022-11-08,food crisis,16.68%
2022-11-09,food crisis,12.81%
2022-11-10,food crisis,11.03%
2022-11-11,food crisis,16.52%
2022-11-12,food crisis,23.01%
2022-11-13,food crisis,26.75%
2022-11-14,food crisis,20.29%
2022-11-15,food crisis,20.19%
2022-11-16,food crisis,14.14%
2022-01-01,energy security,3.77%
2022-01-02,energy security,10.31%
2022-01-03,energy security,6.27%
2022-01-04,energy security,14.96%
2022-01-05,energy security,33.60%
2022-01-06,energy security,30.51%
2022-01-07,energy security,16.10%
2022-01-08,energy security,11.91%
2022-01-09,energy security,7.95%
2022-01-10,energy security,7.49%
2022-01-11,energy security,7.13%
2022-01-12,energy security,9.94%
2022-01-13,energy security,12.70%
2022-01-14,energy security,13.27%
2022-01-15,energy security,11.28%
2022-01-16,energy security,10.61%
2022-01-17,energy security,13.02%
2022-01-18,energy security,15.32%
2022-01-19,energy security,14.82%
2022-01-20,energy security,9.80%
2022-01-21,energy security,8.64%
2022-01-22,energy security,5.74%
2022-01-23,energy security,10.62%
2022-01-24,energy security,14.58%
2022-01-25,energy security,15.94%
2022-01-26,energy security,14.95%
2022-01-27,energy security,18.23%
2022-01-28,energy security,20.52%
2022-01-29,energy security,15.20%
2022-01-30,energy security,11.00%
2022-01-31,energy security,21.29%
2022-02-01,energy security,23.77%
2022-02-02,energy security,16.06%
2022-02-03,energy security,18.30%
2022-02-04,energy security,24.83%
2022-02-05,energy security,12.68%
2022-02-06,energy security,21.80%
2022-02-07,energy security,23.96%
2022-02-08,energy security,32.52%
2022-02-09,energy security,24.50%
2022-02-10,energy security,15.49%
2022-02-11,energy security,11.19%
2022-02-12,energy security,19.00%
2022-02-13,energy security,23.46%
2022-02-14,energy security,20.38%
2022-02-15,energy security,21.71%
2022-02-16,energy security,18.14%
2022-02-17,energy security,17.78%
2022-02-18,energy security,15.94%
2022-02-19,energy security,19.16%
2022-02-20,energy security,10.41%
2022-02-21,energy security,15.70%
2022-02-22,energy security,24.41%
2022-02-23,energy security,19.43%
2022-02-24,energy security,20.57%
2022-02-25,energy security,15.01%
2022-02-26,energy security,12.83%
2022-02-27,energy security,23.58%
2022-02-28,energy security,15.34%
2022-03-01,energy security,18.54%
2022-03-02,energy security,19.39%
2022-03-03,energy security,20.08%
2022-03-04,energy security,17.93%
2022-03-05,energy security,14.55%
2022-03-06,energy security,17.14%
2022-03-07,energy security,25.65%
2022-03-08,energy security,30.80%
2022-03-09,energy security,28.32%
2022-03-10,energy security,24.40%
2022-03-11,energy security,21.30%
2022-03-12,energy security,16.63%
2022-03-13,energy security,11.02%
2022-03-14,energy security,12.93%
2022-03-15,energy security,16.83%
2022-03-16,energy security,14.63%
2022-03-17,energy security,14.72%
2022-03-18,energy security,20.86%
2022-03-19,energy security,13.94%
2022-03-20,energy security,23.18%
2022-03-21,energy security,21.36%
2022-03-22,energy security,17.44%
2022-03-23,energy security,18.31%
2022-03-24,energy security,12.73%
2022-03-25,energy security,22.66%
2022-03-26,energy security,18.69%
2022-03-27,energy security,22.57%
2022-03-28,energy security,24.35%
2022-03-29,energy security,23.88%
2022-03-30,energy security,29.86%
2022-03-31,energy security,29.24%
2022-04-01,energy security,42.35%
2022-04-02,energy security,42.47%
2022-04-03,energy security,39.64%
2022-04-04,energy security,27.06%
2022-04-05,energy security,29.02%
2022-04-06,energy security,27.27%
2022-04-07,energy security,29.29%
2022-04-08,energy security,26.47%
2022-04-09,energy security,23.24%
2022-04-10,energy security,21.51%
2022-04-11,energy security,22.72%
2022-04-12,energy security,30.58%
2022-04-13,energy security,25.73%
2022-04-14,energy security,22.93%
2022-04-15,energy security,21.26%
2022-04-16,energy security,24.54%
2022-04-17,energy security,18.53%
2022-04-18,energy security,26.25%
2022-04-19,energy security,23.57%
2022-04-20,energy security,16.84%
2022-04-21,energy security,20.32%
2022-04-22,energy security,29.37%
2022-04-23,energy security,28.90%
2022-04-24,energy security,22.63%
2022-04-25,energy security,42.24%
2022-04-26,energy security,32.90%
2022-04-27,energy security,52.34%
2022-04-28,energy security,39.21%
2022-04-29,energy security,28.52%
2022-04-30,energy security,19.36%
2022-05-01,energy security,31.20%
2022-05-02,energy security,30.07%
2022-05-03,energy security,28.99%
2022-05-04,energy security,36.61%
2022-05-05,energy security,35.31%
2022-05-06,energy security,23.72%
2022-05-07,energy security,16.34%
2022-05-08,energy security,28.24%
2022-05-09,energy security,31.24%
2022-05-10,energy security,28.49%
2022-05-11,energy security,41.74%
2022-05-12,energy security,25.92%
2022-05-13,energy security,22.00%
2022-05-14,energy security,18.92%
2022-05-15,energy security,10.40%
2022-05-16,energy security,18.75%
2022-05-17,energy security,16.65%
2022-05-18,energy security,21.05%
2022-05-19,energy security,17.61%
2022-05-20,energy security,24.96%
2022-05-21,energy security,44.93%
2022-05-22,energy security,28.70%
2022-05-23,energy security,25.85%
2022-05-24,energy security,27.52%
2022-05-25,energy security,21.85%
2022-05-26,energy security,20.25%
2022-05-27,energy security,20.53%
2022-05-28,energy security,18.48%
2022-05-29,energy security,25.86%
2022-05-30,energy security,39.63%
2022-05-31,energy security,39.72%
2022-06-01,energy security,32.34%
2022-06-02,energy security,30.28%
2022-06-03,energy security,27.31%
2022-06-04,energy security,19.50%
2022-06-05,energy security,19.46%
2022-06-06,energy security,19.75%
2022-06-07,energy security,19.59%
2022-06-08,energy security,18.22%
2022-06-09,energy security,25.48%
2022-06-10,energy security,25.12%
2022-06-11,energy security,29.83%
2022-06-12,energy security,31.24%
2022-06-13,energy security,28.84%
2022-06-14,energy security,28.26%
2022-06-15,energy security,26.17%
2022-06-16,energy security,24.49%
2022-06-17,energy security,23.76%
2022-06-18,energy security,21.95%
2022-06-19,energy security,33.28%
2022-06-20,energy security,33.68%
2022-06-21,energy security,24.72%
2022-06-22,energy security,30.91%
2022-06-23,energy security,27.98%
2022-06-24,energy security,24.20%
2022-06-25,energy security,27.89%
2022-06-26,energy security,29.98%
2022-06-27,energy security,27.54%
2022-06-28,energy security,26.31%
2022-06-29,energy security,16.14%
2022-06-30,energy security,20.62%
2022-07-01,energy security,24.11%
2022-07-02,energy security,30.83%
2022-07-03,energy security,26.56%
2022-07-04,energy security,25.00%
2022-07-05,energy security,22.60%
2022-07-06,energy security,35.48%
2022-07-07,energy security,26.47%
2022-07-08,energy security,31.83%
2022-07-09,energy security,28.75%
2022-07-10,energy security,30.46%
2022-07-11,energy security,39.09%
2022-07-12,energy security,33.89%
2022-07-13,energy security,26.39%
2022-07-14,energy security,27.65%
2022-07-15,energy security,31.90%
2022-07-16,energy security,30.59%
2022-07-17,energy security,22.05%
2022-07-18,energy security,31.10%
2022-07-19,energy security,23.90%
2022-07-20,energy security,25.46%
2022-07-21,energy security,34.85%
2022-07-22,energy security,14.76%
2022-07-23,energy security,11.86%
2022-07-24,energy security,13.07%
2022-07-25,energy security,26.51%
2022-07-26,energy security,35.48%
2022-07-27,energy security,26.98%
2022-07-28,energy security,25.34%
2022-07-29,energy security,24.19%
2022-07-30,energy security,31.81%
2022-07-31,energy security,27.91%
2022-08-01,energy security,16.37%
2022-08-02,energy security,17.78%
2022-08-03,energy security,19.89%
2022-08-04,energy security,19.15%
2022-08-05,energy security,20.73%
2022-08-06,energy security,18.60%
2022-08-07,energy security,18.53%
2022-08-08,energy security,20.82%
2022-08-09,energy security,23.20%
2022-08-10,energy security,21.81%
2022-08-11,energy security,22.90%
2022-08-12,energy security,22.99%
2022-08-13,energy security,23.88%
2022-08-14,energy security,26.07%
2022-08-15,energy security,24.78%
2022-08-16,energy security,16.75%
2022-08-17,energy security,24.02%
2022-08-18,energy security,19.54%
2022-08-19,energy security,24.85%
2022-08-20,energy security,25.87%
2022-08-21,energy security,20.12%
2022-08-22,energy security,16.47%
2022-08-23,energy security,22.64%
2022-08-24,energy security,26.11%
2022-08-25,energy security,27.40%
2022-08-26,energy security,29.64%
2022-08-27,energy security,24.58%
2022-08-28,energy security,29.92%
2022-08-29,energy security,26.08%
2022-08-30,energy security,32.73%
2022-08-31,energy security,38.98%
2022-09-01,energy security,24.71%
2022-09-02,energy security,39.66%
2022-09-03,energy security,32.90%
2022-09-04,energy security,35.40%
2022-09-05,energy security,35.10%
2022-09-06,energy security,31.70%
2022-09-07,energy security,31.59%
2022-09-08,energy security,32.87%
2022-09-09,energy security,31.38%
2022-09-10,energy security,39.10%
2022-09-11,energy security,30.96%
2022-09-12,energy security,28.69%
2022-09-13,energy security,26.01%
2022-09-14,energy security,26.26%
2022-09-15,energy security,25.61%
2022-09-16,energy security,33.75%
2022-09-17,energy security,37.52%
2022-09-18,energy security,24.74%
2022-09-19,energy security,28.70%
2022-09-20,energy security,30.94%
2022-09-21,energy security,18.96%
2022-09-22,energy security,20.26%
2022-09-23,energy security,22.29%
2022-09-24,energy security,19.30%
2022-09-25,energy security,28.35%
2022-09-26,energy security,26.42%
2022-09-27,energy security,34.26%
2022-09-28,energy security,35.98%
2022-09-29,energy security,30.80%
2022-09-30,energy security,24.93%
2022-10-01,energy security,22.50%
2022-10-02,energy security,24.67%
2022-10-03,energy security,22.28%
2022-10-04,energy security,24.51%
2022-10-05,energy security,33.73%
2022-10-06,energy security,34.76%
2022-10-07,energy security,25.28%
2022-10-08,energy security,36.36%
2022-10-09,energy security,41.27%
2022-10-10,energy security,56.53%
2022-10-11,energy security,32.66%
2022-10-12,energy security,34.97%
2022-10-13,energy security,30.09%
2022-10-14,energy security,32.40%
2022-10-15,energy security,35.51%
2022-10-16,energy security,35.29%
2022-10-17,energy security,33.25%
2022-10-18,energy security,40.43%
2022-10-19,energy security,43.04%
2022-10-20,energy security,40.85%
2022-10-21,energy security,32.41%
2022-10-22,energy security,36.27%
2022-10-23,energy security,48.04%
2022-10-24,energy security,35.13%
2022-10-25,energy security,34.36%
2022-10-26,energy security,27.77%
2022-10-27,energy security,32.44%
2022-10-28,energy security,31.23%
2022-10-29,energy security,17.24%
2022-10-30,energy security,11.96%
2022-10-31,energy security,28.06%
2022-11-01,energy security,29.03%
2022-11-02,energy security,22.53%
2022-11-03,energy security,24.41%
2022-11-04,energy security,36.29%
2022-11-05,energy security,35.86%
2022-11-06,energy security,49.09%
2022-11-07,energy security,49.19%
2022-11-08,energy security,34.03%
2022-11-09,energy security,34.22%
2022-11-10,energy security,36.34%
2022-11-11,energy security,43.46%
2022-11-12,energy security,31.18%
2022-11-13,energy security,30.52%
2022-11-14,energy security,29.60%
2022-11-15,energy security,34.97%
2022-11-16,energy security,23.03%
2022-01-01,economic crisis,0.86%
2022-01-02,economic crisis,8.24%
2022-01-03,economic crisis,10.40%
2022-01-04,economic crisis,5.06%
2022-01-05,economic crisis,8.37%
2022-01-06,economic crisis,9.00%
2022-01-07,economic crisis,3.49%
2022-01-08,economic crisis,4.20%
2022-01-09,economic crisis,7.84%
2022-01-10,economic crisis,3.85%
2022-01-11,economic crisis,2.07%
2022-01-12,economic crisis,3.21%
2022-01-13,economic crisis,1.26%
2022-01-14,economic crisis,2.77%
2022-01-15,economic crisis,2.21%
2022-01-16,economic crisis,3.69%
2022-01-17,economic crisis,2.28%
2022-01-18,economic crisis,2.15%
2022-01-19,economic crisis,4.31%
2022-01-20,economic crisis,8.67%
2022-01-21,economic crisis,2.83%
2022-01-22,economic crisis,3.24%
2022-01-23,economic crisis,2.40%
2022-01-24,economic crisis,4.22%
2022-01-25,economic crisis,7.03%
2022-01-26,economic crisis,6.90%
2022-01-27,economic crisis,4.38%
2022-01-28,economic crisis,6.48%
2022-01-29,economic crisis,8.34%
2022-01-30,economic crisis,7.77%
2022-01-31,economic crisis,8.43%
2022-02-01,economic crisis,5.47%
2022-02-02,economic crisis,6.25%
2022-02-03,economic crisis,8.44%
2022-02-04,economic crisis,6.63%
2022-02-05,economic crisis,2.96%
2022-02-06,economic crisis,1.72%
2022-02-07,economic crisis,3.59%
2022-02-08,economic crisis,3.52%
2022-02-09,economic crisis,7.35%
2022-02-10,economic crisis,4.46%
2022-02-11,economic crisis,4.63%
2022-02-12,economic crisis,2.75%
2022-02-13,economic crisis,6.25%
2022-02-14,economic crisis,5.63%
2022-02-15,economic crisis,7.21%
2022-02-16,economic crisis,6.86%
2022-02-17,economic crisis,7.71%
2022-02-18,economic crisis,5.28%
2022-02-19,economic crisis,3.51%
2022-02-20,economic crisis,2.47%
2022-02-21,economic crisis,5.91%
2022-02-22,economic crisis,2.65%
2022-02-23,economic crisis,8.18%
2022-02-24,economic crisis,6.62%
2022-02-25,economic crisis,7.68%
2022-02-26,economic crisis,7.64%
2022-02-27,economic crisis,6.54%
2022-02-28,economic crisis,6.32%
2022-03-01,economic crisis,7.56%
2022-03-02,economic crisis,13.33%
2022-03-03,economic crisis,7.35%
2022-03-04,economic crisis,5.42%
2022-03-05,economic crisis,5.76%
2022-03-06,economic crisis,4.80%
2022-03-07,economic crisis,5.49%
2022-03-08,economic crisis,8.03%
2022-03-09,economic crisis,5.96%
2022-03-10,economic crisis,7.50%
2022-03-11,economic crisis,9.10%
2022-03-12,economic crisis,5.30%
2022-03-13,economic crisis,4.46%
2022-03-14,economic crisis,7.14%
2022-03-15,economic crisis,7.54%
2022-03-16,economic crisis,7.02%
2022-03-17,economic crisis,9.98%
2022-03-18,economic crisis,8.36%
2022-03-19,economic crisis,4.37%
2022-03-20,economic crisis,4.72%
2022-03-21,economic crisis,5.81%
2022-03-22,economic crisis,5.21%
2022-03-23,economic crisis,6.81%
2022-03-24,economic crisis,6.04%
2022-03-25,economic crisis,6.06%
2022-03-26,economic crisis,4.90%
2022-03-27,economic crisis,3.22%
2022-03-28,economic crisis,7.12%
2022-03-29,economic crisis,5.33%
2022-03-30,economic crisis,7.49%
2022-03-31,economic crisis,7.07%
2022-04-01,economic crisis,4.01%
2022-04-02,economic crisis,2.59%
2022-04-03,economic crisis,3.50%
2022-04-04,economic crisis,5.34%
2022-04-05,economic crisis,7.59%
2022-04-06,economic crisis,4.92%
2022-04-07,economic crisis,5.86%
2022-04-08,economic crisis,7.63%
2022-04-09,economic crisis,5.85%
2022-04-10,economic crisis,10.42%
2022-04-11,economic crisis,15.95%
2022-04-12,economic crisis,12.47%
2022-04-13,economic crisis,14.49%
2022-04-14,economic crisis,9.69%
2022-04-15,economic crisis,8.64%
2022-04-16,economic crisis,7.64%
2022-04-17,economic crisis,5.88%
2022-04-18,economic crisis,10.10%
2022-04-19,economic crisis,10.54%
2022-04-20,economic crisis,8.40%
2022-04-21,economic crisis,8.39%
2022-04-22,economic crisis,10.34%
2022-04-23,economic crisis,9.29%
2022-04-24,economic crisis,9.51%
2022-04-25,economic crisis,5.42%
2022-04-26,economic crisis,4.35%
2022-04-27,economic crisis,5.23%
2022-04-28,economic crisis,8.17%
2022-04-29,economic crisis,13.09%
2022-04-30,economic crisis,7.63%
2022-05-01,economic crisis,9.56%
2022-05-02,economic crisis,9.91%
2022-05-03,economic crisis,7.31%
2022-05-04,economic crisis,8.53%
2022-05-05,economic crisis,9.88%
2022-05-06,economic crisis,9.47%
2022-05-07,economic crisis,8.65%
2022-05-08,economic crisis,7.87%
2022-05-09,economic crisis,11.15%
2022-05-10,economic crisis,11.49%
2022-05-11,economic crisis,7.11%
2022-05-12,economic crisis,6.47%
2022-05-13,economic crisis,6.71%
2022-05-14,economic crisis,3.87%
2022-05-15,economic crisis,3.87%
2022-05-16,economic crisis,6.82%
2022-05-17,economic crisis,8.27%
2022-05-18,economic crisis,10.08%
2022-05-19,economic crisis,9.94%
2022-05-20,economic crisis,10.80%
2022-05-21,economic crisis,3.98%
2022-05-22,economic crisis,7.74%
2022-05-23,economic crisis,12.16%
2022-05-24,economic crisis,10.91%
2022-05-25,economic crisis,8.40%
2022-05-26,economic crisis,9.39%
2022-05-27,economic crisis,5.71%
2022-05-28,economic crisis,4.07%
2022-05-29,economic crisis,5.71%
2022-05-30,economic crisis,3.60%
2022-05-31,economic crisis,6.94%
2022-06-01,economic crisis,6.51%
2022-06-02,economic crisis,10.23%
2022-06-03,economic crisis,5.91%
2022-06-04,economic crisis,6.91%
2022-06-05,economic crisis,8.02%
2022-06-06,economic crisis,9.89%
2022-06-07,economic crisis,7.24%
2022-06-08,economic crisis,10.13%
2022-06-09,economic crisis,9.27%
2022-06-10,economic crisis,13.97%
2022-06-11,economic crisis,10.66%
2022-06-12,economic crisis,6.32%
2022-06-13,economic crisis,16.02%
2022-06-14,economic crisis,12.31%
2022-06-15,economic crisis,10.06%
2022-06-16,economic crisis,8.73%
2022-06-17,economic crisis,13.75%
2022-06-18,economic crisis,6.96%
2022-06-19,economic crisis,10.04%
2022-06-20,economic crisis,10.60%
2022-06-21,economic crisis,8.63%
2022-06-22,economic crisis,10.76%
2022-06-23,economic crisis,10.05%
2022-06-24,economic crisis,10.34%
2022-06-25,economic crisis,11.84%
2022-06-26,economic crisis,13.26%
2022-06-27,economic crisis,10.01%
2022-06-28,economic crisis,7.72%
2022-06-29,economic crisis,5.56%
2022-06-30,economic crisis,8.76%
2022-07-01,economic crisis,10.95%
2022-07-02,economic crisis,11.13%
2022-07-03,economic crisis,7.65%
2022-07-04,economic crisis,12.27%
2022-07-05,economic crisis,15.03%
2022-07-06,economic crisis,14.76%
2022-07-07,economic crisis,15.17%
2022-07-08,economic crisis,10.41%
2022-07-09,economic crisis,9.92%
2022-07-10,economic crisis,8.55%
2022-07-11,economic crisis,12.06%
2022-07-12,economic crisis,10.20%
2022-07-13,economic crisis,8.99%
2022-07-14,economic crisis,12.87%
2022-07-15,economic crisis,19.92%
2022-07-16,economic crisis,15.04%
2022-07-17,economic crisis,25.57%
2022-07-18,economic crisis,14.08%
2022-07-19,economic crisis,10.25%
2022-07-20,economic crisis,8.65%
2022-07-21,economic crisis,11.73%
2022-07-22,economic crisis,5.81%
2022-07-23,economic crisis,3.81%
2022-07-24,economic crisis,6.55%
2022-07-25,economic crisis,9.16%
2022-07-26,economic crisis,10.77%
2022-07-27,economic crisis,10.61%
2022-07-28,economic crisis,11.64%
2022-07-29,economic crisis,10.60%
2022-07-30,economic crisis,5.49%
2022-07-31,economic crisis,7.03%
2022-08-01,economic crisis,10.15%
2022-08-02,economic crisis,6.48%
2022-08-03,economic crisis,6.88%
2022-08-04,economic crisis,7.45%
2022-08-05,economic crisis,8.01%
2022-08-06,economic crisis,8.68%
2022-08-07,economic crisis,4.41%
2022-08-08,economic crisis,6.56%
2022-08-09,economic crisis,8.22%
2022-08-10,economic crisis,8.29%
2022-08-11,economic crisis,11.33%
2022-08-12,economic crisis,9.14%
2022-08-13,economic crisis,14.45%
2022-08-14,economic crisis,8.59%
2022-08-15,economic crisis,11.07%
2022-08-16,economic crisis,10.64%
2022-08-17,economic crisis,7.92%
2022-08-18,economic crisis,7.89%
2022-08-19,economic crisis,5.93%
2022-08-20,economic crisis,9.21%
2022-08-21,economic crisis,16.72%
2022-08-22,economic crisis,6.46%
2022-08-23,economic crisis,8.48%
2022-08-24,economic crisis,15.24%
2022-08-25,economic crisis,6.71%
2022-08-26,economic crisis,6.03%
2022-08-27,economic crisis,2.50%
2022-08-28,economic crisis,3.13%
2022-08-29,economic crisis,2.85%
2022-08-30,economic crisis,6.69%
2022-08-31,economic crisis,6.39%
2022-09-01,economic crisis,9.11%
2022-09-02,economic crisis,6.69%
2022-09-03,economic crisis,4.30%
2022-09-04,economic crisis,7.38%
2022-09-05,economic crisis,9.31%
2022-09-06,economic crisis,11.40%
2022-09-07,economic crisis,11.63%
2022-09-08,economic crisis,7.06%
2022-09-09,economic crisis,8.11%
2022-09-10,economic crisis,4.11%
2022-09-11,economic crisis,5.34%
2022-09-12,economic crisis,8.04%
2022-09-13,economic crisis,9.20%
2022-09-14,economic crisis,12.00%
2022-09-15,economic crisis,11.58%
2022-09-16,economic crisis,10.41%
2022-09-17,economic crisis,10.32%
2022-09-18,economic crisis,6.18%
2022-09-19,economic crisis,5.37%
2022-09-20,economic crisis,9.40%
2022-09-21,economic crisis,7.54%
2022-09-22,economic crisis,9.09%
2022-09-23,economic crisis,8.81%
2022-09-24,economic crisis,6.92%
2022-09-25,economic crisis,9.96%
2022-09-26,economic crisis,10.04%
2022-09-27,economic crisis,8.68%
2022-09-28,economic crisis,7.03%
2022-09-29,economic crisis,7.52%
2022-09-30,economic crisis,6.57%
2022-10-01,economic crisis,2.48%
2022-10-02,economic crisis,4.87%
2022-10-03,economic crisis,6.51%
2022-10-04,economic crisis,10.83%
2022-10-05,economic crisis,9.32%
2022-10-06,economic crisis,7.64%
2022-10-07,economic crisis,7.71%
2022-10-08,economic crisis,5.54%
2022-10-09,economic crisis,4.07%
2022-10-10,economic crisis,7.62%
2022-10-11,economic crisis,10.17%
2022-10-12,economic crisis,10.77%
2022-10-13,economic crisis,11.45%
2022-10-14,economic crisis,10.65%
2022-10-15,economic crisis,6.24%
2022-10-16,economic crisis,13.90%
2022-10-17,economic crisis,4.59%
2022-10-18,economic crisis,5.30%
2022-10-19,economic crisis,8.53%
2022-10-20,economic crisis,8.25%
2022-10-21,economic crisis,5.57%
2022-10-22,economic crisis,8.22%
2022-10-23,economic crisis,4.00%
2022-10-24,economic crisis,6.76%
2022-10-25,economic crisis,9.54%
2022-10-26,economic crisis,8.38%
2022-10-27,economic crisis,10.93%
2022-10-28,economic crisis,10.61%
2022-10-29,economic crisis,3.04%
2022-10-30,economic crisis,4.99%
2022-10-31,economic crisis,5.84%
2022-11-01,economic crisis,5.00%
2022-11-02,economic crisis,5.50%
2022-11-03,economic crisis,7.27%
2022-11-04,economic crisis,6.66%
2022-11-05,economic crisis,7.07%
2022-11-06,economic crisis,8.82%
2022-11-07,economic crisis,7.17%
2022-11-08,economic crisis,10.48%
2022-11-09,economic crisis,11.66%
2022-11-10,economic crisis,12.24%
2022-11-11,economic crisis,10.09%
2022-11-12,economic crisis,6.59%
2022-11-13,economic crisis,14.46%
2022-11-14,economic crisis,9.30%
2022-11-15,economic crisis,9.24%
2022-11-16,economic crisis,5.05%
2022-01-01,military exercise,0.11%
2022-01-02,military exercise,0.40%
2022-01-03,military exercise,0.93%
2022-01-04,military exercise,0.17%
2022-01-05,military exercise,0.30%
2022-01-06,military exercise,0.83%
2022-01-07,military exercise,3.89%
2022-01-08,military exercise,10.69%
2022-01-09,military exercise,12.00%
2022-01-10,military exercise,7.57%
2022-01-11,military exercise,4.05%
2022-01-12,military exercise,2.19%
2022-01-13,military exercise,1.23%
2022-01-14,military exercise,2.29%
2022-01-15,military exercise,2.55%
2022-01-16,military exercise,1.20%
2022-01-17,military exercise,0.80%
2022-01-18,military exercise,3.10%
2022-01-19,military exercise,3.74%
2022-01-20,military exercise,2.54%
2022-01-21,military exercise,2.44%
2022-01-22,military exercise,1.60%
2022-01-23,military exercise,0.83%
2022-01-24,military exercise,2.11%
2022-01-25,military exercise,2.57%
2022-01-26,military exercise,4.64%
2022-01-27,military exercise,3.35%
2022-01-28,military exercise,3.08%
2022-01-29,military exercise,1.50%
2022-01-30,military exercise,1.97%
2022-01-31,military exercise,1.10%
2022-02-01,military exercise,4.15%
2022-02-02,military exercise,2.84%
2022-02-03,military exercise,1.80%
2022-02-04,military exercise,1.60%
2022-02-05,military exercise,3.49%
2022-02-06,military exercise,3.20%
2022-02-07,military exercise,1.22%
2022-02-08,military exercise,1.64%
2022-02-09,military exercise,3.68%
2022-02-10,military exercise,8.76%
2022-02-11,military exercise,7.80%
2022-02-12,military exercise,8.27%
2022-02-13,military exercise,5.10%
2022-02-14,military exercise,2.39%
2022-02-15,military exercise,6.57%
2022-02-16,military exercise,5.16%
2022-02-17,military exercise,4.63%
2022-02-18,military exercise,5.47%
2022-02-19,military exercise,4.50%
2022-02-20,military exercise,8.88%
2022-02-21,military exercise,10.38%
2022-02-22,military exercise,0.58%
2022-02-23,military exercise,0.19%
2022-02-24,military exercise,0.34%
2022-02-25,military exercise,0.32%
2022-02-26,military exercise,0.07%
2022-02-27,military exercise,0.17%
2022-02-28,military exercise,0.08%
2022-03-01,military exercise,0.23%
2022-03-02,military exercise,0.16%
2022-03-03,military exercise,0.19%
2022-03-04,military exercise,0.08%
2022-03-05,military exercise,0.16%
2022-03-06,military exercise,0.26%
2022-03-07,military exercise,0.12%
2022-03-08,military exercise,0.11%
2022-03-09,military exercise,0.08%
2022-03-10,military exercise,0.21%
2022-03-11,military exercise,0.09%
2022-03-12,military exercise,0.14%
2022-03-13,military exercise,4.39%
2022-03-14,military exercise,3.49%
2022-03-15,military exercise,1.29%
2022-03-16,military exercise,0.34%
2022-03-17,military exercise,0.48%
2022-03-18,military exercise,0.36%
2022-03-19,military exercise,0.19%
2022-03-20,military exercise,0.10%
2022-03-21,military exercise,2.79%
2022-03-22,military exercise,1.94%
2022-03-23,military exercise,0.19%
2022-03-24,military exercise,0.23%
2022-03-25,military exercise,0.12%
2022-03-26,military exercise,0.62%
2022-03-27,military exercise,1.19%
2022-03-28,military exercise,0.13%
2022-03-29,military exercise,0.23%
2022-03-30,military exercise,0.16%
2022-03-31,military exercise,0.18%
2022-04-01,military exercise,0.39%
2022-04-02,military exercise,0.10%
2022-04-03,military exercise,0.12%
2022-04-04,military exercise,0.06%
2022-04-05,military exercise,0.12%
2022-04-06,military exercise,0.09%
2022-04-07,military exercise,0.08%
2022-04-08,military exercise,0.27%
2022-04-09,military exercise,0.38%
2022-04-10,military exercise,0.04%
2022-04-11,military exercise,0.11%
2022-04-12,military exercise,0.09%
2022-04-13,military exercise,0.20%
2022-04-14,military exercise,0.14%
2022-04-15,military exercise,0.43%
2022-04-16,military exercise,0.22%
2022-04-17,military exercise,0.20%
2022-04-18,military exercise,1.09%
2022-04-19,military exercise,0.15%
2022-04-20,military exercise,0.16%
2022-04-21,military exercise,0.09%
2022-04-22,military exercise,0.28%
2022-04-23,military exercise,0.09%
2022-04-24,military exercise,0.23%
2022-04-25,military exercise,0.17%
2022-04-26,military exercise,0.15%
2022-04-27,military exercise,0.06%
2022-04-28,military exercise,0.09%
2022-04-29,military exercise,0.31%
2022-04-30,military exercise,0.18%
2022-05-01,military exercise,1.26%
2022-05-02,military exercise,0.57%
2022-05-03,military exercise,0.14%
2022-05-04,military exercise,1.22%
2022-05-05,military exercise,3.15%
2022-05-06,military exercise,0.54%
2022-05-07,military exercise,0.16%
2022-05-08,military exercise,0.26%
2022-05-09,military exercise,0.15%
2022-05-10,military exercise,0.18%
2022-05-11,military exercise,0.18%
2022-05-12,military exercise,0.28%
2022-05-13,military exercise,0.08%
2022-05-14,military exercise,0.09%
2022-05-15,military exercise,0.15%
2022-05-16,military exercise,1.07%
2022-05-17,military exercise,2.21%
2022-05-18,military exercise,0.46%
2022-05-19,military exercise,0.08%
2022-05-20,military exercise,0.11%
2022-05-21,military exercise,1.29%
2022-05-22,military exercise,1.05%
2022-05-23,military exercise,0.31%
2022-05-24,military exercise,0.26%
2022-05-25,military exercise,0.28%
2022-05-26,military exercise,0.34%
2022-05-27,military exercise,0.71%
2022-05-28,military exercise,0.33%
2022-05-29,military exercise,0.11%
2022-05-30,military exercise,0.11%
2022-05-31,military exercise,0.05%
2022-06-01,military exercise,0.16%
2022-06-02,military exercise,0.09%
2022-06-03,military exercise,0.06%
2022-06-04,military exercise,0.11%
2022-06-05,military exercise,0.35%
2022-06-06,military exercise,0.04%
2022-06-07,military exercise,0.05%
2022-06-08,military exercise,0.02%
2022-06-09,military exercise,0.05%
2022-06-10,military exercise,0.15%
2022-06-11,military exercise,1.82%
2022-06-12,military exercise,0.07%
2022-06-13,military exercise,0.27%
2022-06-14,military exercise,0.56%
2022-06-15,military exercise,1.25%
2022-06-16,military exercise,0.24%
2022-06-17,military exercise,3.12%
2022-06-18,military exercise,5.29%
2022-06-19,military exercise,3.16%
2022-06-20,military exercise,0.57%
2022-06-21,military exercise,0.30%
2022-06-22,military exercise,0.43%
2022-06-23,military exercise,0.18%
2022-06-24,military exercise,0.33%
2022-06-25,military exercise,0.43%
2022-06-26,military exercise,0.42%
2022-06-27,military exercise,0.28%
2022-06-28,military exercise,0.09%
2022-06-29,military exercise,0.17%
2022-06-30,military exercise,0.20%
2022-07-01,military exercise,0.84%
2022-07-02,military exercise,0.88%
2022-07-03,military exercise,0.36%
2022-07-04,military exercise,0.35%
2022-07-05,military exercise,0.56%
2022-07-06,military exercise,0.18%
2022-07-07,military exercise,0.16%
2022-07-08,military exercise,0.08%
2022-07-09,military exercise,0.85%
2022-07-10,military exercise,1.14%
2022-07-11,military exercise,0.26%
2022-07-12,military exercise,0.64%
2022-07-13,military exercise,0.09%
2022-07-14,military exercise,0.07%
2022-07-15,military exercise,0.31%
2022-07-16,military exercise,0.08%
2022-07-17,military exercise,0.02%
2022-07-18,military exercise,0.03%
2022-07-19,military exercise,0.04%
2022-07-20,military exercise,0.06%
2022-07-21,military exercise,0.28%
2022-07-22,military exercise,0.06%
2022-07-23,military exercise,0.09%
2022-07-24,military exercise,0.04%
2022-07-25,military exercise,0.19%
2022-07-26,military exercise,0.19%
2022-07-27,military exercise,0.16%
2022-07-28,military exercise,0.23%
2022-07-29,military exercise,0.13%
2022-07-30,military exercise,0.16%
2022-07-31,military exercise,0.10%
2022-08-01,military exercise,0.11%
2022-08-02,military exercise,0.17%
2022-08-03,military exercise,0.22%
2022-08-04,military exercise,0.66%
2022-08-05,military exercise,1.88%
2022-08-06,military exercise,0.28%
2022-08-07,military exercise,0.60%
2022-08-08,military exercise,0.42%
2022-08-09,military exercise,0.58%
2022-08-10,military exercise,6.52%
2022-08-11,military exercise,0.75%
2022-08-12,military exercise,0.60%
2022-08-13,military exercise,0.21%
2022-08-14,military exercise,0.26%
2022-08-15,military exercise,0.23%
2022-08-16,military exercise,0.69%
2022-08-17,military exercise,0.75%
2022-08-18,military exercise,0.56%
2022-08-19,military exercise,0.27%
2022-08-20,military exercise,0.25%
2022-08-21,military exercise,0.22%
2022-08-22,military exercise,1.73%
2022-08-23,military exercise,0.53%
2022-08-24,military exercise,0.45%
2022-08-25,military exercise,0.19%
2022-08-26,military exercise,1.26%
2022-08-27,military exercise,0.88%
2022-08-28,military exercise,0.23%
2022-08-29,military exercise,1.44%
2022-08-30,military exercise,4.78%
2022-08-31,military exercise,6.78%
2022-09-01,military exercise,2.22%
2022-09-02,military exercise,0.84%
2022-09-03,military exercise,0.37%
2022-09-04,military exercise,0.17%
2022-09-05,military exercise,3.52%
2022-09-06,military exercise,2.75%
2022-09-07,military exercise,1.14%
2022-09-08,military exercise,0.77%
2022-09-09,military exercise,0.32%
2022-09-10,military exercise,0.09%
2022-09-11,military exercise,0.15%
2022-09-12,military exercise,0.13%
2022-09-13,military exercise,0.49%
2022-09-14,military exercise,1.37%
2022-09-15,military exercise,0.57%
2022-09-16,military exercise,0.32%
2022-09-17,military exercise,0.52%
2022-09-18,military exercise,0.28%
2022-09-19,military exercise,0.13%
2022-09-20,military exercise,0.58%
2022-09-21,military exercise,0.69%
2022-09-22,military exercise,0.29%
2022-09-23,military exercise,0.43%
2022-09-24,military exercise,0.37%
2022-09-25,military exercise,1.37%
2022-09-26,military exercise,0.22%
2022-09-27,military exercise,0.19%
2022-09-28,military exercise,1.31%
2022-09-29,military exercise,0.57%
2022-09-30,military exercise,0.32%
2022-10-01,military exercise,0.30%
2022-10-02,military exercise,0.18%
2022-10-03,military exercise,0.13%
2022-10-04,military exercise,0.43%
2022-10-05,military exercise,0.30%
2022-10-06,military exercise,1.87%
2022-10-07,military exercise,0.35%
2022-10-08,military exercise,0.14%
2022-10-09,military exercise,0.53%
2022-10-10,military exercise,1.20%
2022-10-11,military exercise,0.16%
2022-10-12,military exercise,0.60%
2022-10-13,military exercise,0.63%
2022-10-14,military exercise,0.41%
2022-10-15,military exercise,1.24%
2022-10-16,military exercise,8.14%
2022-10-17,military exercise,4.50%
2022-10-18,military exercise,0.78%
2022-10-19,military exercise,0.31%
2022-10-20,military exercise,0.31%
2022-10-21,military exercise,0.51%
2022-10-22,military exercise,0.25%
2022-10-23,military exercise,0.08%
2022-10-24,military exercise,0.79%
2022-10-25,military exercise,0.13%
2022-10-26,military exercise,0.27%
2022-10-27,military exercise,0.74%
2022-10-28,military exercise,0.25%
2022-10-29,military exercise,0.48%
2022-10-30,military exercise,0.08%
2022-10-31,military exercise,0.11%
2022-11-01,military exercise,0.20%
2022-11-02,military exercise,0.51%
2022-11-03,military exercise,0.23%
2022-11-04,military exercise,0.58%
2022-11-05,military exercise,1.02%
2022-11-06,military exercise,0.99%
2022-11-07,military exercise,0.45%
2022-11-08,military exercise,0.26%
2022-11-09,military exercise,0.81%
2022-11-10,military exercise,1.22%
2022-11-12,military exercise,1.45%
2022-11-13,military exercise,1.55%
2022-11-14,military exercise,0.96%
2022-11-15,military exercise,0.48%
2022-11-16,military exercise,0.80%
,,0.00%