Date,Series,Value
2020-01-03,Volume Intensity,0.5617
2020-01-04,Volume Intensity,0.5211
2020-01-05,Volume Intensity,0.4815
2020-01-06,Volume Intensity,0.4272
2020-01-07,Volume Intensity,0.433
2020-01-08,Volume Intensity,0.8717
2020-01-09,Volume Intensity,1.2103
2020-01-10,Volume Intensity,1.6684
2020-01-11,Volume Intensity,1.8504
2020-01-12,Volume Intensity,1.9727
2020-01-13,Volume Intensity,1.7476
2020-01-14,Volume Intensity,1.46
2020-01-15,Volume Intensity,1.3244
2020-01-16,Volume Intensity,1.5266
2020-01-17,Volume Intensity,1.5462
2020-01-18,Volume Intensity,1.4363
2020-01-19,Volume Intensity,1.2704
2020-01-20,Volume Intensity,1.0948
2020-01-21,Volume Intensity,1.1751
2020-01-22,Volume Intensity,1.1912
2020-01-23,Volume Intensity,1.3409
2020-01-24,Volume Intensity,1.2848
2020-01-25,Volume Intensity,1.5462
2020-01-26,Volume Intensity,1.4593
2020-01-27,Volume Intensity,1.5606
2020-01-28,Volume Intensity,1.2899
2020-01-29,Volume Intensity,1.3633
2020-01-30,Volume Intensity,1.2436
2020-01-31,Volume Intensity,1.2073
2020-02-01,Volume Intensity,1.1454
2020-02-02,Volume Intensity,0.9662
2020-02-03,Volume Intensity,0.8635
2020-02-04,Volume Intensity,0.7299
2020-02-05,Volume Intensity,0.9649
2020-02-06,Volume Intensity,1.0962
2020-02-07,Volume Intensity,1.0924
2020-02-08,Volume Intensity,1.0014
2020-02-09,Volume Intensity,0.7668
2020-02-10,Volume Intensity,0.7234
2020-02-11,Volume Intensity,0.5018
2020-02-12,Volume Intensity,0.4342
2020-02-13,Volume Intensity,0.4497
2020-02-14,Volume Intensity,0.4959
2020-02-15,Volume Intensity,0.5523
2020-02-16,Volume Intensity,0.4702
2020-02-17,Volume Intensity,0.3752
2020-02-18,Volume Intensity,0.3317
2020-02-19,Volume Intensity,0.3542
2020-02-20,Volume Intensity,0.4042
2020-02-21,Volume Intensity,0.4896
2020-02-22,Volume Intensity,0.5073
2020-02-23,Volume Intensity,0.4664
2020-02-24,Volume Intensity,0.3201
2020-02-25,Volume Intensity,0.2487
2020-02-26,Volume Intensity,0.2266
2020-02-27,Volume Intensity,0.2122
2020-02-28,Volume Intensity,0.2094
2020-02-29,Volume Intensity,0.2377
2020-03-01,Volume Intensity,0.256
2020-03-02,Volume Intensity,0.2482
2020-03-03,Volume Intensity,0.287
2020-03-04,Volume Intensity,0.3223
2020-03-05,Volume Intensity,0.362
2020-03-06,Volume Intensity,0.3205
2020-03-07,Volume Intensity,0.3509
2020-03-08,Volume Intensity,0.3599
2020-03-09,Volume Intensity,0.362
2020-03-10,Volume Intensity,0.3098
2020-03-11,Volume Intensity,0.304
2020-03-12,Volume Intensity,0.2939
2020-03-13,Volume Intensity,0.2766
2020-03-14,Volume Intensity,0.238
2020-03-15,Volume Intensity,0.2459
2020-03-16,Volume Intensity,0.2369
2020-03-17,Volume Intensity,0.2509
2020-03-18,Volume Intensity,0.2084
2020-03-19,Volume Intensity,0.195
2020-03-20,Volume Intensity,0.1762
2020-03-21,Volume Intensity,0.1692
2020-03-22,Volume Intensity,0.1669
2020-03-23,Volume Intensity,0.1757
2020-03-24,Volume Intensity,0.1649
2020-03-25,Volume Intensity,0.1651
2020-03-26,Volume Intensity,0.1541
2020-03-27,Volume Intensity,0.1633
2020-03-28,Volume Intensity,0.1609
2020-03-29,Volume Intensity,0.1426
2020-03-30,Volume Intensity,0.1469
2020-03-31,Volume Intensity,0.1464
2020-04-01,Volume Intensity,0.1657
2020-04-02,Volume Intensity,0.1862
2020-04-03,Volume Intensity,0.2359
2020-04-04,Volume Intensity,0.3325
2020-04-05,Volume Intensity,0.3722
2020-04-06,Volume Intensity,0.3794
2020-04-07,Volume Intensity,0.3079
2020-04-08,Volume Intensity,0.2797
2020-04-09,Volume Intensity,0.2365
2020-04-10,Volume Intensity,0.1983
2020-04-11,Volume Intensity,0.1554
2020-04-12,Volume Intensity,0.1367
2020-04-13,Volume Intensity,0.1462
2020-04-14,Volume Intensity,0.2119
2020-04-15,Volume Intensity,0.2285
2020-04-16,Volume Intensity,0.249
2020-04-17,Volume Intensity,0.2096
2020-04-18,Volume Intensity,0.2306
2020-04-19,Volume Intensity,0.2242
2020-04-20,Volume Intensity,0.2039
2020-04-21,Volume Intensity,0.1676
2020-04-22,Volume Intensity,0.1526
2020-04-23,Volume Intensity,0.1721
2020-04-24,Volume Intensity,0.1818
2020-04-25,Volume Intensity,0.1883
2020-04-26,Volume Intensity,0.1847
2020-04-27,Volume Intensity,0.1813
2020-04-28,Volume Intensity,0.1639
2020-04-29,Volume Intensity,0.1591
2020-04-30,Volume Intensity,0.1902
2020-05-01,Volume Intensity,0.2061
2020-05-02,Volume Intensity,0.1949
2020-05-03,Volume Intensity,0.1593
2020-05-04,Volume Intensity,0.144
2020-05-05,Volume Intensity,0.1642
2020-05-06,Volume Intensity,0.1805
2020-05-07,Volume Intensity,0.196
2020-05-08,Volume Intensity,0.1882
2020-05-09,Volume Intensity,0.1878
2020-05-10,Volume Intensity,0.1659
2020-05-11,Volume Intensity,0.1763
2020-05-12,Volume Intensity,0.1692
2020-05-13,Volume Intensity,0.187
2020-05-14,Volume Intensity,0.1631
2020-05-15,Volume Intensity,0.1771
2020-05-16,Volume Intensity,0.2098
2020-05-17,Volume Intensity,0.2831
2020-05-18,Volume Intensity,0.3131
2020-05-19,Volume Intensity,0.2822
2020-05-20,Volume Intensity,0.2819
2020-05-21,Volume Intensity,0.2735
2020-05-22,Volume Intensity,0.2688
2020-05-23,Volume Intensity,0.2045
2020-05-24,Volume Intensity,0.16
2020-05-25,Volume Intensity,0.1649
2020-05-26,Volume Intensity,0.1607
2020-05-27,Volume Intensity,0.1647
2020-05-28,Volume Intensity,0.1577
2020-05-29,Volume Intensity,0.1679
2020-05-30,Volume Intensity,0.1658
2020-05-31,Volume Intensity,0.1743
2020-06-01,Volume Intensity,0.1851
2020-06-02,Volume Intensity,0.204
2020-06-03,Volume Intensity,0.2098
2020-06-04,Volume Intensity,0.1993
2020-06-05,Volume Intensity,0.1845
2020-06-06,Volume Intensity,0.1543
2020-06-07,Volume Intensity,0.1234
2020-06-08,Volume Intensity,0.1238
2020-06-09,Volume Intensity,0.1538
2020-06-10,Volume Intensity,0.1944
2020-06-11,Volume Intensity,0.1994
2020-06-12,Volume Intensity,0.2121
2020-06-13,Volume Intensity,0.2244
2020-06-14,Volume Intensity,0.2352
2020-06-15,Volume Intensity,0.217
2020-06-16,Volume Intensity,0.2349
2020-06-17,Volume Intensity,0.2888
2020-06-18,Volume Intensity,0.379
2020-06-19,Volume Intensity,0.3684
2020-06-20,Volume Intensity,0.4708
2020-06-21,Volume Intensity,0.4154
2020-06-22,Volume Intensity,0.4303
2020-06-23,Volume Intensity,0.2679
2020-06-24,Volume Intensity,0.2163
2020-06-25,Volume Intensity,0.1643
2020-06-26,Volume Intensity,0.1815
2020-06-27,Volume Intensity,0.1792
2020-06-28,Volume Intensity,0.2043
2020-06-29,Volume Intensity,0.2048
2020-06-30,Volume Intensity,0.2158
2020-07-01,Volume Intensity,0.2348
2020-07-02,Volume Intensity,0.2459
2020-07-03,Volume Intensity,0.2621
2020-07-04,Volume Intensity,0.2099
2020-07-05,Volume Intensity,0.1479
2020-07-06,Volume Intensity,0.1264
2020-07-07,Volume Intensity,0.135
2020-07-08,Volume Intensity,0.1907
2020-07-09,Volume Intensity,0.2081
2020-07-10,Volume Intensity,0.2522
2020-07-11,Volume Intensity,0.2196
2020-07-12,Volume Intensity,0.2886
2020-07-13,Volume Intensity,0.2477
2020-07-14,Volume Intensity,0.2633
2020-07-15,Volume Intensity,0.1859
2020-07-16,Volume Intensity,0.171
2020-07-17,Volume Intensity,0.1581
2020-07-18,Volume Intensity,0.1517
2020-07-19,Volume Intensity,0.1427
2020-07-20,Volume Intensity,0.1482
2020-07-21,Volume Intensity,0.2275
2020-07-22,Volume Intensity,0.2689
2020-07-23,Volume Intensity,0.2757
2020-07-24,Volume Intensity,0.2105
2020-07-25,Volume Intensity,0.1956
2020-07-26,Volume Intensity,0.1806
2020-07-27,Volume Intensity,0.1658
2020-07-28,Volume Intensity,0.1629
2020-07-29,Volume Intensity,0.2046
2020-07-30,Volume Intensity,0.22
2020-07-31,Volume Intensity,0.2545
2020-08-01,Volume Intensity,0.2517
2020-08-02,Volume Intensity,0.2146
2020-08-03,Volume Intensity,0.1812
2020-08-04,Volume Intensity,0.1428
2020-08-05,Volume Intensity,0.1786
2020-08-06,Volume Intensity,0.1861
2020-08-07,Volume Intensity,0.2325
2020-08-08,Volume Intensity,0.3114
2020-08-09,Volume Intensity,0.3112
2020-08-10,Volume Intensity,0.3046
2020-08-11,Volume Intensity,0.2176
2020-08-12,Volume Intensity,0.1927
2020-08-13,Volume Intensity,0.1591
2020-08-14,Volume Intensity,0.1683
2020-08-15,Volume Intensity,0.1774
2020-08-16,Volume Intensity,0.1914
2020-08-17,Volume Intensity,0.1928
2020-08-18,Volume Intensity,0.2195
2020-08-19,Volume Intensity,0.2353
2020-08-20,Volume Intensity,0.2321
2020-08-21,Volume Intensity,0.2322
2020-08-22,Volume Intensity,0.2183
2020-08-23,Volume Intensity,0.3502
2020-08-24,Volume Intensity,0.3577
2020-08-25,Volume Intensity,0.3448
2020-08-26,Volume Intensity,0.2461
2020-08-27,Volume Intensity,0.2477
2020-08-28,Volume Intensity,0.2763
2020-08-29,Volume Intensity,0.2208
2020-08-30,Volume Intensity,0.2138
2020-08-31,Volume Intensity,0.1872
2020-09-01,Volume Intensity,0.2066
2020-09-02,Volume Intensity,0.1989
2020-09-03,Volume Intensity,0.198
2020-09-04,Volume Intensity,0.1999
2020-09-05,Volume Intensity,0.2037
2020-09-06,Volume Intensity,0.234
2020-09-07,Volume Intensity,0.2401
2020-09-08,Volume Intensity,0.2628
2020-09-09,Volume Intensity,0.2749
2020-09-10,Volume Intensity,0.304
2020-09-11,Volume Intensity,0.2853
2020-09-12,Volume Intensity,0.2818
2020-09-13,Volume Intensity,0.2589
2020-09-14,Volume Intensity,0.2381
2020-09-15,Volume Intensity,0.2043
2020-09-16,Volume Intensity,0.2193
2020-09-17,Volume Intensity,0.2404
2020-09-18,Volume Intensity,0.2511
2020-09-19,Volume Intensity,0.2521
2020-09-20,Volume Intensity,0.2454
2020-09-21,Volume Intensity,0.255
2020-09-22,Volume Intensity,0.2317
2020-09-23,Volume Intensity,0.271
2020-09-24,Volume Intensity,0.2921
2020-09-25,Volume Intensity,0.3057
2020-09-26,Volume Intensity,0.3297
2020-09-27,Volume Intensity,0.2686
2020-09-28,Volume Intensity,0.2694
2020-09-29,Volume Intensity,0.2236
2020-09-30,Volume Intensity,0.266
2020-10-01,Volume Intensity,0.2699
2020-10-02,Volume Intensity,0.2616
2020-10-03,Volume Intensity,0.2105
2020-10-04,Volume Intensity,0.191
2020-10-05,Volume Intensity,0.1594
2020-10-06,Volume Intensity,0.1679
2020-10-07,Volume Intensity,0.16
2020-10-08,Volume Intensity,0.1917
2020-10-09,Volume Intensity,0.2057
2020-10-10,Volume Intensity,0.2147
2020-10-11,Volume Intensity,0.1824
2020-10-12,Volume Intensity,0.1725
2020-10-13,Volume Intensity,0.1582
2020-10-14,Volume Intensity,0.1749
2020-10-15,Volume Intensity,0.2241
2020-10-16,Volume Intensity,0.2677
2020-10-17,Volume Intensity,0.3239
2020-10-18,Volume Intensity,0.3605
2020-10-19,Volume Intensity,0.3514
2020-10-21,Volume Intensity,0.3591
2020-10-22,Volume Intensity,0.3337
2020-10-23,Volume Intensity,0.4673
2020-10-24,Volume Intensity,0.4129
2020-10-25,Volume Intensity,0.3928
2020-10-26,Volume Intensity,0.2643
2020-10-27,Volume Intensity,0.2488
2020-10-28,Volume Intensity,0.234
2020-10-29,Volume Intensity,0.1897
2020-10-30,Volume Intensity,0.1973
2020-10-31,Volume Intensity,0.2321
2020-11-01,Volume Intensity,0.2368
2020-11-02,Volume Intensity,0.2215
2020-11-03,Volume Intensity,0.168
2020-11-04,Volume Intensity,0.1636
2020-11-05,Volume Intensity,0.1726
2020-11-06,Volume Intensity,0.1836
2020-11-07,Volume Intensity,0.1666
2020-11-08,Volume Intensity,0.1967
2020-11-09,Volume Intensity,0.2013
2020-11-10,Volume Intensity,0.2247
2020-11-11,Volume Intensity,0.1855
2020-11-12,Volume Intensity,0.1679
2020-11-13,Volume Intensity,0.1548
2020-11-14,Volume Intensity,0.1422
2020-11-15,Volume Intensity,0.1513
2020-11-16,Volume Intensity,0.168
2020-11-17,Volume Intensity,0.1717
2020-11-18,Volume Intensity,0.1616
2020-11-19,Volume Intensity,0.1486
2020-11-20,Volume Intensity,0.1723
2020-11-21,Volume Intensity,0.164
2020-11-22,Volume Intensity,0.152
2020-11-23,Volume Intensity,0.1378
2020-11-24,Volume Intensity,0.1321
2020-11-25,Volume Intensity,0.1556
2020-11-26,Volume Intensity,0.1491
2020-11-27,Volume Intensity,0.1646
2020-11-28,Volume Intensity,0.1486
2020-11-29,Volume Intensity,0.1485
2020-11-30,Volume Intensity,0.1554
2020-12-01,Volume Intensity,0.1772
2020-12-02,Volume Intensity,0.1913
2020-12-03,Volume Intensity,0.1894
2020-12-04,Volume Intensity,0.1851
2020-12-05,Volume Intensity,0.1706
2020-12-06,Volume Intensity,0.147
2020-12-07,Volume Intensity,0.1467
2020-12-08,Volume Intensity,0.1439
2020-12-09,Volume Intensity,0.2106
2020-12-10,Volume Intensity,0.2691
2020-12-11,Volume Intensity,0.2997
2020-12-12,Volume Intensity,0.2608
2020-12-13,Volume Intensity,0.2175
2020-12-14,Volume Intensity,0.2062
2020-12-15,Volume Intensity,0.2136
2020-12-16,Volume Intensity,0.2052
2020-12-17,Volume Intensity,0.2077
2020-12-18,Volume Intensity,0.1835
2020-12-19,Volume Intensity,0.1629
2020-12-20,Volume Intensity,0.149
2020-12-21,Volume Intensity,0.1471
2020-12-22,Volume Intensity,0.155
2020-12-23,Volume Intensity,0.1753
2020-12-24,Volume Intensity,0.2763
2020-12-25,Volume Intensity,0.2606
2020-12-26,Volume Intensity,0.2466
2020-12-27,Volume Intensity,0.1388
2020-12-28,Volume Intensity,0.1449
2020-12-29,Volume Intensity,0.1737
2020-12-30,Volume Intensity,0.1814
2020-12-31,Volume Intensity,0.1983
2021-01-01,Volume Intensity,0.2115
2021-01-02,Volume Intensity,0.2618
2021-01-03,Volume Intensity,0.2399
2021-01-04,Volume Intensity,0.2341
2021-01-05,Volume Intensity,0.2246
2021-01-06,Volume Intensity,0.2554
2021-01-07,Volume Intensity,0.2874
2021-01-08,Volume Intensity,0.3072
2021-01-09,Volume Intensity,0.3242
2021-01-10,Volume Intensity,0.2711
2021-01-11,Volume Intensity,0.2865
2021-01-12,Volume Intensity,0.2868
2021-01-13,Volume Intensity,0.4176
2021-01-14,Volume Intensity,0.5131
2021-01-15,Volume Intensity,0.5369
2021-01-16,Volume Intensity,0.4464
2021-01-17,Volume Intensity,0.3491
2021-01-18,Volume Intensity,0.3066
2021-01-19,Volume Intensity,0.2894
2021-01-20,Volume Intensity,0.2416
2021-01-21,Volume Intensity,0.2492
2021-01-22,Volume Intensity,0.2877
2021-01-23,Volume Intensity,0.2916
2021-01-24,Volume Intensity,0.2675
2021-01-25,Volume Intensity,0.1874
2021-01-26,Volume Intensity,0.2106
2021-01-27,Volume Intensity,0.2689
2021-01-28,Volume Intensity,0.2753
2021-01-29,Volume Intensity,0.2326
2021-01-30,Volume Intensity,0.1568
2021-01-31,Volume Intensity,0.1338
2021-02-01,Volume Intensity,0.1198
2021-02-02,Volume Intensity,0.1538
2021-02-03,Volume Intensity,0.1745
2021-02-04,Volume Intensity,0.2218
2021-02-05,Volume Intensity,0.2311
2021-02-06,Volume Intensity,0.2489
2021-02-07,Volume Intensity,0.2522
2021-02-08,Volume Intensity,0.3225
2021-02-09,Volume Intensity,0.4067
2021-02-10,Volume Intensity,0.4431
2021-02-11,Volume Intensity,0.4013
2021-02-12,Volume Intensity,0.3271
2021-02-13,Volume Intensity,0.5118
2021-02-14,Volume Intensity,0.5449
2021-02-15,Volume Intensity,0.5176
2021-02-16,Volume Intensity,0.2584
2021-02-17,Volume Intensity,0.1986
2021-02-18,Volume Intensity,0.2135
2021-02-19,Volume Intensity,0.218
2021-02-20,Volume Intensity,0.2522
2021-02-21,Volume Intensity,0.2207
2021-02-22,Volume Intensity,0.2047
2021-02-23,Volume Intensity,0.1361
2021-02-24,Volume Intensity,0.1526
2021-02-25,Volume Intensity,0.1523
2021-02-26,Volume Intensity,0.1573
2021-02-27,Volume Intensity,0.1469
2021-02-28,Volume Intensity,0.1305
2021-03-01,Volume Intensity,0.1251
2021-03-02,Volume Intensity,0.1324
2021-03-03,Volume Intensity,0.1453
2021-03-04,Volume Intensity,0.1398
2021-03-05,Volume Intensity,0.142
2021-03-06,Volume Intensity,0.1404
2021-03-07,Volume Intensity,0.1294
2021-03-08,Volume Intensity,0.1158
2021-03-09,Volume Intensity,0.1167
2021-03-10,Volume Intensity,0.1456
2021-03-11,Volume Intensity,0.1495
2021-03-12,Volume Intensity,0.1502
2021-03-13,Volume Intensity,0.1223
2021-03-14,Volume Intensity,0.1231
2021-03-15,Volume Intensity,0.1206
2021-03-16,Volume Intensity,0.1436
2021-03-17,Volume Intensity,0.1752
2021-03-18,Volume Intensity,0.2324
2021-03-19,Volume Intensity,0.2719
2021-03-20,Volume Intensity,0.2473
2021-03-21,Volume Intensity,0.1975
2021-03-22,Volume Intensity,0.1672
2021-03-23,Volume Intensity,0.1684
2021-03-24,Volume Intensity,0.1903
2021-03-25,Volume Intensity,0.19
2021-03-26,Volume Intensity,0.2169
2021-03-27,Volume Intensity,0.1916
2021-03-28,Volume Intensity,0.1689
2021-03-29,Volume Intensity,0.1338
2021-03-30,Volume Intensity,0.1397
2021-03-31,Volume Intensity,0.183
2021-04-01,Volume Intensity,0.2124
2021-04-02,Volume Intensity,0.2605
2021-04-03,Volume Intensity,0.2679
2021-04-04,Volume Intensity,0.3317
2021-04-05,Volume Intensity,0.3366
2021-04-06,Volume Intensity,0.3625
2021-04-07,Volume Intensity,0.3136
2021-04-08,Volume Intensity,0.2845
2021-04-09,Volume Intensity,0.2337
2021-04-10,Volume Intensity,0.2191
2021-04-11,Volume Intensity,0.2067
2021-04-12,Volume Intensity,0.2198
2021-04-13,Volume Intensity,0.2643
2021-04-14,Volume Intensity,0.3054
2021-04-15,Volume Intensity,0.4152
2021-04-16,Volume Intensity,0.4669
2021-04-17,Volume Intensity,0.5162
2021-04-18,Volume Intensity,0.4322
2021-04-19,Volume Intensity,0.3507
2021-04-20,Volume Intensity,0.2971
2021-04-21,Volume Intensity,0.2913
2021-04-22,Volume Intensity,0.3019
2021-04-23,Volume Intensity,0.2903
2021-04-24,Volume Intensity,0.2712
2021-04-25,Volume Intensity,0.2596
2021-04-26,Volume Intensity,0.2713
2021-04-27,Volume Intensity,0.2395
2021-04-28,Volume Intensity,0.2991
2021-04-29,Volume Intensity,0.3104
2021-04-30,Volume Intensity,0.3648
2021-05-01,Volume Intensity,0.3261
2021-05-02,Volume Intensity,0.2845
2021-05-03,Volume Intensity,0.2574
2021-05-04,Volume Intensity,0.2181
2021-05-05,Volume Intensity,0.2442
2021-05-06,Volume Intensity,0.2726
2021-05-07,Volume Intensity,0.2827
2021-05-08,Volume Intensity,0.2702
2021-05-09,Volume Intensity,0.2422
2021-05-10,Volume Intensity,0.2365
2021-05-11,Volume Intensity,0.1947
2021-05-12,Volume Intensity,0.2043
2021-05-13,Volume Intensity,0.1765
2021-05-14,Volume Intensity,0.2188
2021-05-15,Volume Intensity,0.1745
2021-05-16,Volume Intensity,0.1654
2021-05-17,Volume Intensity,0.147
2021-05-18,Volume Intensity,0.1903
2021-05-19,Volume Intensity,0.259
2021-05-20,Volume Intensity,0.3167
2021-05-21,Volume Intensity,0.2984
2021-05-22,Volume Intensity,0.2491
2021-05-23,Volume Intensity,0.2112
2021-05-24,Volume Intensity,0.2555
2021-05-25,Volume Intensity,0.2973
2021-05-26,Volume Intensity,0.2959
2021-05-27,Volume Intensity,0.2442
2021-05-28,Volume Intensity,0.2378
2021-05-29,Volume Intensity,0.2345
2021-05-30,Volume Intensity,0.2469
2021-05-31,Volume Intensity,0.2059
2021-06-01,Volume Intensity,0.1933
2021-06-02,Volume Intensity,0.1932
2021-06-03,Volume Intensity,0.2468
2021-06-04,Volume Intensity,0.2838
2021-06-05,Volume Intensity,0.277
2021-06-06,Volume Intensity,0.2346
2021-06-07,Volume Intensity,0.2242
2021-06-08,Volume Intensity,0.2393
2021-06-09,Volume Intensity,0.278
2021-06-10,Volume Intensity,0.2804
2021-06-11,Volume Intensity,0.3013
2021-06-12,Volume Intensity,0.314
2021-06-13,Volume Intensity,0.338
2021-06-14,Volume Intensity,0.4179
2021-06-15,Volume Intensity,0.3948
2021-06-16,Volume Intensity,0.5055
2021-06-17,Volume Intensity,0.4494
2021-06-18,Volume Intensity,0.4138
2021-06-19,Volume Intensity,0.227
2021-06-20,Volume Intensity,0.1569
2021-06-21,Volume Intensity,0.1944
2021-06-22,Volume Intensity,0.2214
2021-06-23,Volume Intensity,0.2824
2021-06-24,Volume Intensity,0.3272
2021-06-25,Volume Intensity,0.3735
2021-06-26,Volume Intensity,0.3231
2021-06-27,Volume Intensity,0.2854
2021-06-28,Volume Intensity,0.2373
2021-06-29,Volume Intensity,0.2791
2021-06-30,Volume Intensity,0.3093
2021-07-01,Volume Intensity,0.354
2021-07-02,Volume Intensity,0.3883
2021-07-03,Volume Intensity,0.5163
2021-07-04,Volume Intensity,0.5805
2021-07-05,Volume Intensity,0.5233
2021-07-06,Volume Intensity,0.3657
2021-07-07,Volume Intensity,0.3241
2021-07-08,Volume Intensity,0.31
2021-07-09,Volume Intensity,0.2872
2021-07-10,Volume Intensity,0.2963
2021-07-11,Volume Intensity,0.3312
2021-07-12,Volume Intensity,0.3218
2021-07-13,Volume Intensity,0.2266
2021-07-14,Volume Intensity,0.1744
2021-07-15,Volume Intensity,0.173
2021-07-16,Volume Intensity,0.2162
2021-07-17,Volume Intensity,0.2447
2021-07-18,Volume Intensity,0.2129
2021-07-19,Volume Intensity,0.1797
2021-07-20,Volume Intensity,0.1588
2021-07-21,Volume Intensity,0.2044
2021-07-22,Volume Intensity,0.2112
2021-07-23,Volume Intensity,0.2527
2021-07-24,Volume Intensity,0.2247
2021-07-25,Volume Intensity,0.2286
2021-07-26,Volume Intensity,0.19
2021-07-27,Volume Intensity,0.2006
2021-07-28,Volume Intensity,0.2148
2021-07-29,Volume Intensity,0.2479
2021-07-30,Volume Intensity,0.251
2021-07-31,Volume Intensity,0.2537
2021-08-01,Volume Intensity,0.2833
2021-08-02,Volume Intensity,0.3255
2021-08-03,Volume Intensity,0.3818
2021-08-04,Volume Intensity,0.3549
2021-08-05,Volume Intensity,0.3354
2021-08-06,Volume Intensity,0.2781
2021-08-07,Volume Intensity,0.3693
2021-08-08,Volume Intensity,0.4796
2021-08-09,Volume Intensity,0.482
2021-08-10,Volume Intensity,0.3631
2021-08-11,Volume Intensity,0.2476
2021-08-12,Volume Intensity,0.2106
2021-08-13,Volume Intensity,0.2104
2021-08-14,Volume Intensity,0.1563
2021-08-15,Volume Intensity,0.1212
2021-08-16,Volume Intensity,0.1137
2021-08-17,Volume Intensity,0.1444
2021-08-18,Volume Intensity,0.2034
2021-08-19,Volume Intensity,0.1963
2021-08-20,Volume Intensity,0.2052
2021-08-21,Volume Intensity,0.2223
2021-08-22,Volume Intensity,0.3158
2021-08-23,Volume Intensity,0.3264
2021-08-24,Volume Intensity,0.3567
2021-08-25,Volume Intensity,0.2962
2021-08-26,Volume Intensity,0.2934
2021-08-27,Volume Intensity,0.2286
2021-08-28,Volume Intensity,0.1975
2021-08-29,Volume Intensity,0.1674
2021-08-30,Volume Intensity,0.1932
2021-08-31,Volume Intensity,0.1994
2021-09-01,Volume Intensity,0.2338
2021-09-02,Volume Intensity,0.2613
2021-09-03,Volume Intensity,0.2588
2021-09-04,Volume Intensity,0.2208
2021-09-05,Volume Intensity,0.1528
2021-09-06,Volume Intensity,0.1908
2021-09-07,Volume Intensity,0.2055
2021-09-08,Volume Intensity,0.2118
2021-09-09,Volume Intensity,0.1676
2021-09-10,Volume Intensity,0.1932
2021-09-11,Volume Intensity,0.2062
2021-09-12,Volume Intensity,0.1847
2021-09-13,Volume Intensity,0.1439
2021-09-14,Volume Intensity,0.1288
2021-09-15,Volume Intensity,0.1403
2021-09-16,Volume Intensity,0.1529
2021-09-17,Volume Intensity,0.1727
2021-09-18,Volume Intensity,0.1673
2021-09-19,Volume Intensity,0.1529
2021-09-20,Volume Intensity,0.1381
2021-09-21,Volume Intensity,0.1471
2021-09-22,Volume Intensity,0.1584
2021-09-23,Volume Intensity,0.1796
2021-09-24,Volume Intensity,0.2035
2021-09-25,Volume Intensity,0.1919
2021-09-26,Volume Intensity,0.1745
2021-09-27,Volume Intensity,0.1598
2021-09-28,Volume Intensity,0.1772
2021-09-29,Volume Intensity,0.1855
2021-09-30,Volume Intensity,0.1985
2021-10-01,Volume Intensity,0.2144
2021-10-02,Volume Intensity,0.2013
2021-10-03,Volume Intensity,0.1817
2021-10-04,Volume Intensity,0.1865
2021-10-05,Volume Intensity,0.193
2021-10-06,Volume Intensity,0.2162
2021-10-07,Volume Intensity,0.2207
2021-10-08,Volume Intensity,0.2244
2021-10-09,Volume Intensity,0.1888
2021-10-10,Volume Intensity,0.1566
2021-10-11,Volume Intensity,0.1674
2021-10-12,Volume Intensity,0.1952
2021-10-13,Volume Intensity,0.2388
2021-10-14,Volume Intensity,0.2213
2021-10-15,Volume Intensity,0.2039
2021-10-16,Volume Intensity,0.1627
2021-10-17,Volume Intensity,0.143
2021-10-18,Volume Intensity,0.1577
2021-10-19,Volume Intensity,0.1889
2021-10-20,Volume Intensity,0.2384
2021-10-21,Volume Intensity,0.2448
2021-10-22,Volume Intensity,0.3449
2021-10-23,Volume Intensity,0.4533
2021-10-24,Volume Intensity,0.4809
2021-10-25,Volume Intensity,0.3887
2021-10-26,Volume Intensity,0.2589
2021-10-27,Volume Intensity,0.2132
2021-10-28,Volume Intensity,0.1755
2021-10-29,Volume Intensity,0.1674
2021-10-30,Volume Intensity,0.1777
2021-10-31,Volume Intensity,0.1745
2021-11-01,Volume Intensity,0.2107
2021-11-02,Volume Intensity,0.2141
2021-11-03,Volume Intensity,0.2147
2021-11-04,Volume Intensity,0.2196
2021-11-05,Volume Intensity,0.2114
2021-11-06,Volume Intensity,0.2148
2021-11-07,Volume Intensity,0.1695
2021-11-08,Volume Intensity,0.2091
2021-11-09,Volume Intensity,0.2418
2021-11-10,Volume Intensity,0.2512
2021-11-11,Volume Intensity,0.2155
2021-11-12,Volume Intensity,0.2099
2021-11-13,Volume Intensity,0.2327
2021-11-14,Volume Intensity,0.2308
2021-11-15,Volume Intensity,0.2351
2021-11-16,Volume Intensity,0.2446
2021-11-17,Volume Intensity,0.2541
2021-11-18,Volume Intensity,0.2418
2021-11-19,Volume Intensity,0.2184
2021-11-20,Volume Intensity,0.2201
2021-11-21,Volume Intensity,0.252
2021-11-22,Volume Intensity,0.2821
2021-11-23,Volume Intensity,0.3013
2021-11-24,Volume Intensity,0.2778
2021-11-25,Volume Intensity,0.247
2021-11-26,Volume Intensity,0.2487
2021-11-27,Volume Intensity,0.244
2021-11-28,Volume Intensity,0.2662
2021-11-29,Volume Intensity,0.2553
2021-11-30,Volume Intensity,0.2868
2021-12-01,Volume Intensity,0.2983
2021-12-02,Volume Intensity,0.337
2021-12-03,Volume Intensity,0.3542
2021-12-04,Volume Intensity,0.4649
2021-12-05,Volume Intensity,0.4716
2021-12-06,Volume Intensity,0.4661
2021-12-07,Volume Intensity,0.5238
2021-12-08,Volume Intensity,0.6543
2021-12-09,Volume Intensity,0.7127
2021-12-10,Volume Intensity,0.6046
2021-12-11,Volume Intensity,0.5136
2021-12-12,Volume Intensity,0.5246
2021-12-13,Volume Intensity,0.5131
2021-12-14,Volume Intensity,0.4564
2021-12-15,Volume Intensity,0.3967
2021-12-16,Volume Intensity,0.4123
2021-12-17,Volume Intensity,0.4332
2021-12-18,Volume Intensity,0.5022
2021-12-19,Volume Intensity,0.422
2021-12-20,Volume Intensity,0.4104
2021-12-21,Volume Intensity,0.3282
2021-12-22,Volume Intensity,0.3626
2021-12-23,Volume Intensity,0.3994
2021-12-24,Volume Intensity,0.4072
2021-12-25,Volume Intensity,0.4809
2021-12-26,Volume Intensity,0.4667
2021-12-27,Volume Intensity,0.4326
2021-12-28,Volume Intensity,0.3482
2021-12-29,Volume Intensity,0.3396
2021-12-30,Volume Intensity,0.4078
2021-12-31,Volume Intensity,0.5264
2022-01-01,Volume Intensity,0.5246
2022-01-02,Volume Intensity,0.4509
2022-01-03,Volume Intensity,0.3743
2022-01-04,Volume Intensity,0.3578
2022-01-05,Volume Intensity,0.3653
2022-01-06,Volume Intensity,0.321
2022-01-07,Volume Intensity,0.3379
2022-01-08,Volume Intensity,0.4332
2022-01-09,Volume Intensity,0.5339
2022-01-10,Volume Intensity,0.599
2022-01-11,Volume Intensity,0.5462
2022-01-12,Volume Intensity,0.4965
2022-01-13,Volume Intensity,0.4563
2022-01-14,Volume Intensity,0.5587
2022-01-15,Volume Intensity,0.6059
2022-01-16,Volume Intensity,0.7231
2022-01-17,Volume Intensity,0.6919
2022-01-18,Volume Intensity,0.7038
2022-01-19,Volume Intensity,0.7168
2022-01-20,Volume Intensity,0.9071
2022-01-21,Volume Intensity,1.108
2022-01-22,Volume Intensity,1.2211
2022-01-23,Volume Intensity,1.2991
2022-01-24,Volume Intensity,1.4522
2022-01-25,Volume Intensity,1.6084
2022-01-26,Volume Intensity,1.6271
2022-01-27,Volume Intensity,1.4793
2022-01-28,Volume Intensity,1.4094
2022-01-29,Volume Intensity,1.3362
2022-01-30,Volume Intensity,1.5297
2022-01-31,Volume Intensity,1.4795
2022-02-01,Volume Intensity,1.4922
2022-02-02,Volume Intensity,1.3362
2022-02-03,Volume Intensity,1.2642
2022-02-04,Volume Intensity,1.2465
2022-02-05,Volume Intensity,1.1918
2022-02-06,Volume Intensity,1.3186
2022-02-07,Volume Intensity,1.3193
2022-02-08,Volume Intensity,1.2738
2022-02-09,Volume Intensity,1.0865
2022-02-10,Volume Intensity,1.0292
2022-02-11,Volume Intensity,1.1439
2022-02-12,Volume Intensity,1.7515
2022-02-13,Volume Intensity,2.1432
2022-02-14,Volume Intensity,2.4177
2022-02-15,Volume Intensity,2.2603
2022-02-16,Volume Intensity,2.1672
2022-02-17,Volume Intensity,2.1633
2022-02-18,Volume Intensity,2.1473
2022-02-19,Volume Intensity,2.4702
2022-02-20,Volume Intensity,2.5694
2022-02-21,Volume Intensity,2.7108
2022-02-22,Volume Intensity,3.1317
2022-02-23,Volume Intensity,3.5456
2022-02-24,Volume Intensity,5.437
2022-02-25,Volume Intensity,7.1099
2022-02-26,Volume Intensity,9.162
2022-02-27,Volume Intensity,9.8042
2022-02-28,Volume Intensity,9.8773
2022-03-01,Volume Intensity,9.587
2022-03-02,Volume Intensity,9.1923
2022-03-03,Volume Intensity,8.7255
2022-03-04,Volume Intensity,8.4289
2022-03-05,Volume Intensity,8.3531
2022-03-06,Volume Intensity,8.6836
2022-03-07,Volume Intensity,8.6318
2022-03-08,Volume Intensity,8.3224
2022-03-09,Volume Intensity,7.765
2022-03-10,Volume Intensity,7.6622
2022-03-11,Volume Intensity,7.4768
2022-03-12,Volume Intensity,7.3595
2022-03-13,Volume Intensity,7.5618
2022-03-14,Volume Intensity,7.4145
2022-03-15,Volume Intensity,7.3769
2022-03-16,Volume Intensity,6.777
2022-03-17,Volume Intensity,6.4768
2022-03-18,Volume Intensity,6.1766
2022-03-19,Volume Intensity,6.4321
2022-03-20,Volume Intensity,6.4642
2022-03-21,Volume Intensity,6.318
2022-03-22,Volume Intensity,5.5074
2022-03-23,Volume Intensity,5.1767
2022-03-24,Volume Intensity,5.202
2022-03-25,Volume Intensity,5.3774
2022-03-26,Volume Intensity,5.4621
2022-03-27,Volume Intensity,5.3452
2022-03-28,Volume Intensity,5.1635
2022-03-29,Volume Intensity,4.9534
2022-03-30,Volume Intensity,4.6643
2022-03-31,Volume Intensity,4.5814
2022-04-01,Volume Intensity,4.4912
2022-04-02,Volume Intensity,4.5248
2022-04-03,Volume Intensity,4.5677
2022-04-04,Volume Intensity,4.6623
2022-04-05,Volume Intensity,4.6716
2022-04-06,Volume Intensity,4.6232
2022-04-07,Volume Intensity,4.4375
2022-04-08,Volume Intensity,4.3415
2022-04-09,Volume Intensity,4.1493
2022-04-10,Volume Intensity,4.2984
2022-04-11,Volume Intensity,4.1316
2022-04-12,Volume Intensity,4.1792
2022-04-13,Volume Intensity,4.089
2022-04-14,Volume Intensity,4.2427
2022-04-15,Volume Intensity,4.1883
2022-04-16,Volume Intensity,4.0625
2022-04-17,Volume Intensity,3.9964
2022-04-18,Volume Intensity,3.8661
2022-04-19,Volume Intensity,3.7804
2022-04-20,Volume Intensity,3.677
2022-04-21,Volume Intensity,3.7677
2022-04-22,Volume Intensity,3.7178
2022-04-23,Volume Intensity,3.9107
2022-04-24,Volume Intensity,3.9894
2022-04-25,Volume Intensity,3.9964
2022-04-26,Volume Intensity,3.7376
2022-04-27,Volume Intensity,3.5352
2022-04-28,Volume Intensity,3.629
2022-04-29,Volume Intensity,3.7341
2022-04-30,Volume Intensity,3.7874
2022-05-01,Volume Intensity,3.9545
2022-05-02,Volume Intensity,3.9771
2022-05-03,Volume Intensity,3.9293
2022-05-04,Volume Intensity,3.5799
2022-05-05,Volume Intensity,3.4826
2022-05-06,Volume Intensity,3.4685
2022-05-07,Volume Intensity,3.4722
2022-05-08,Volume Intensity,3.7406
2022-05-09,Volume Intensity,3.8534
2022-05-10,Volume Intensity,3.868
2022-05-11,Volume Intensity,3.4454
2022-05-12,Volume Intensity,3.2118
2022-05-13,Volume Intensity,3.0897
2022-05-14,Volume Intensity,3.077
2022-05-15,Volume Intensity,3.406
2022-05-16,Volume Intensity,3.4457
2022-05-17,Volume Intensity,3.3999
2022-05-18,Volume Intensity,3.2026
2022-05-19,Volume Intensity,3.2832
2022-05-20,Volume Intensity,3.2853
2022-05-21,Volume Intensity,3.2241
2022-05-22,Volume Intensity,3.1639
2022-05-23,Volume Intensity,3.3486
2022-05-24,Volume Intensity,3.3342
2022-05-25,Volume Intensity,3.1948
2022-05-26,Volume Intensity,2.8737
2022-05-27,Volume Intensity,2.5585
2022-05-28,Volume Intensity,2.531
2022-05-29,Volume Intensity,2.4768
2022-05-30,Volume Intensity,2.544
2022-05-31,Volume Intensity,2.575
2022-06-01,Volume Intensity,2.728
2022-06-02,Volume Intensity,2.7489
2022-06-03,Volume Intensity,2.7174
2022-06-04,Volume Intensity,2.4826
2022-06-05,Volume Intensity,2.3998
2022-06-06,Volume Intensity,2.5383
2022-06-07,Volume Intensity,2.6098
2022-06-08,Volume Intensity,2.6439
2022-06-09,Volume Intensity,2.3654
2022-06-10,Volume Intensity,2.4277
2022-06-11,Volume Intensity,2.5285
2022-06-12,Volume Intensity,2.6891
2022-06-13,Volume Intensity,2.6037
2022-06-14,Volume Intensity,2.4082
2022-06-15,Volume Intensity,2.28
2022-06-16,Volume Intensity,2.3038
2022-06-17,Volume Intensity,2.4122
2022-06-18,Volume Intensity,2.3349
2022-06-19,Volume Intensity,2.3947
2022-06-20,Volume Intensity,2.3014
2022-06-21,Volume Intensity,2.3628
2022-06-22,Volume Intensity,2.3245
2022-06-23,Volume Intensity,2.3493
2022-06-24,Volume Intensity,2.2907
2022-06-25,Volume Intensity,2.2107
2022-06-26,Volume Intensity,2.5692
2022-06-27,Volume Intensity,2.8906
2022-06-28,Volume Intensity,2.9088
2022-06-29,Volume Intensity,2.6461
2022-06-30,Volume Intensity,2.4715
2022-07-01,Volume Intensity,2.4508
2022-07-02,Volume Intensity,2.1656
2022-07-03,Volume Intensity,1.9858
2022-07-04,Volume Intensity,1.8931
2022-07-05,Volume Intensity,2.0312
2022-07-06,Volume Intensity,2.2142
2022-07-07,Volume Intensity,2.535
2022-07-08,Volume Intensity,2.5699
2022-07-09,Volume Intensity,2.4607
2022-07-10,Volume Intensity,2.3259
2022-07-11,Volume Intensity,2.2394
2022-07-12,Volume Intensity,2.1524
2022-07-13,Volume Intensity,2.0601
2022-07-14,Volume Intensity,2.1245
2022-07-15,Volume Intensity,2.1673
2022-07-16,Volume Intensity,2.2343
2022-07-17,Volume Intensity,2.3148
2022-07-18,Volume Intensity,2.3217
